Time (s),Temp0,Temp1,Temp2,Temp_CPU,Volt0,Volt1,Volt2,Volt_CPU,Curr0,Curr1,Curr2,Cyc0,Cyc1,Cyc2,Seq0,Seq1,Seq2,disval0,disval1,disval2,dislowval0,dislowval1,dislowval2,chgval0,chgval1,chgval2,chglowval0,chglowval1,chglowval2
211.781375698,24.3125,24.4375,24.375,52.6,0.0096,0.0048,3.8496000000000006,1.2875,0.0025,-0.0025,0.0025,1,1,1,0,0,0,120,120,120,120,120,120,9,9,9,200,200,200
214.781379592,24.3125,24.4375,24.375,53.2,0.008,0.0048,3.888,1.2875,-0.005,0.0,-10.195,1,1,1,0,0,0,120,120,120,120,120,120,0,0,212,200,200,200
217.78138159,24.3125,24.5,24.4375,54.2,0.008,0.0032,3.888,1.2875,0.0,-0.0025,-10.195,1,1,1,0,0,0,120,120,120,120,120,120,0,0,212,200,200,200
220.781382797,24.375,24.5,24.4375,55.3,0.008,0.0048,3.8912,1.2875,0.0,-0.0025,-10.2,1,1,1,0,0,0,120,120,120,120,120,120,0,0,212,200,200,200
223.781385842,24.375,24.5625,24.5,55.8,0.0064,0.0032,3.8912,1.2875,0.0,-0.0025,-10.195,1,1,1,0,0,0,120,120,120,120,120,120,0,0,212,200,200,200
226.781388365,24.375,24.5625,24.5625,55.8,0.008,0.0032,3.8928000000000003,1.2875,-0.0025,-0.0025,-10.1925,1,1,1,0,0,0,120,120,120,120,120,120,0,0,212,200,200,200
229.781390623,24.375,24.5625,24.625,55.8,0.0064,0.0048,3.8944,1.2875,0.0,0.0,-10.1925,1,1,1,0,0,0,120,120,120,120,120,120,0,0,212,200,200,200
232.781393194,24.4375,24.625,24.625,56.4,0.008,0.0032,3.8944,1.2875,0.0,-0.005,-10.195,1,1,1,0,0,0,120,120,120,120,120,120,0,0,212,200,200,200
235.781395571,24.4375,24.625,24.6875,55.8,0.0064,0.0032,3.896,1.2875,0.0,-0.005,-10.1975,1,1,1,0,0,0,120,120,120,120,120,120,0,0,212,200,200,200
238.781395953,24.4375,24.625,24.75,56.4,0.0064,0.0016,3.8975999999999997,1.2875,0.0,-0.0025,-10.195,1,1,1,0,0,0,120,120,120,120,120,120,0,0,212,200,200,200
241.781398069,24.4375,24.625,24.75,56.9,0.0064,0.0048,3.8992000000000004,1.2875,0.0025,-0.0025,-10.195,1,1,1,0,0,0,120,120,120,120,120,120,0,0,212,200,200,200
244.781400548,24.4375,24.625,24.8125,56.4,0.0096,0.0048,3.8975999999999997,1.2875,0.0,-0.005,-10.1925,1,1,1,0,0,0,120,120,120,120,120,120,0,0,212,200,200,200
247.781402653,24.4375,24.625,24.8125,56.4,0.008,0.0048,3.9008,1.2875,0.0,-0.0025,-10.1925,1,1,1,0,0,0,120,120,120,120,120,120,0,0,212,200,200,200
250.781403806,24.4375,24.625,24.875,56.9,0.008,0.0032,3.9024,1.2875,0.0025,0.0,-10.1975,1,1,1,0,0,0,120,120,120,120,120,120,0,0,212,200,200,200
253.781406821,24.5,24.625,24.9375,56.9,0.0064,0.0016,3.9008,1.2875,0.0,0.0,-10.1925,1,1,1,0,0,0,120,120,120,120,120,120,0,0,212,200,200,200
256.781409934,24.5,24.625,25.0,56.9,0.0096,0.0064,3.9040000000000004,1.2875,0.0,0.0,-10.195,1,1,1,0,0,0,120,120,120,120,120,120,0,0,212,200,200,200
259.781413311,24.5,24.625,25.0,56.9,0.008,0.0016,3.9024,1.2875,0.0025,-0.0075,-10.1925,1,1,1,0,0,0,120,120,120,120,120,120,0,0,212,200,200,200
262.781417225,24.5,24.6875,25.0625,58.0,0.008,0.0032,3.9055999999999997,1.2875,-0.0025,-0.0025,-10.1975,1,1,1,0,0,0,120,120,120,120,120,120,0,0,212,200,200,200
265.781421278,24.5625,24.75,25.125,58.0,0.008,0.0064,3.9040000000000004,1.2875,0.0,-0.0025,-10.2,1,1,1,0,0,0,120,120,120,120,120,120,0,0,212,200,200,200
268.7814252,24.5625,24.75,25.1875,58.0,0.0096,0.0032,3.9055999999999997,1.2875,0.0,0.0,-10.1925,1,1,1,0,0,0,120,120,120,120,120,120,0,0,212,200,200,200
271.781429311,24.5625,24.75,25.1875,58.0,0.0064,0.0032,3.9055999999999997,1.2875,0.0,-0.005,-10.1975,1,1,1,0,0,0,120,120,120,120,120,120,0,0,212,200,200,200
274.781433418,24.625,24.8125,25.1875,57.5,0.0064,0.0016,3.9055999999999997,1.2875,0.0,-0.0025,-10.155,1,1,1,0,0,0,120,120,120,120,120,120,0,0,213,200,200,200
277.781435054,24.625,24.8125,25.25,58.0,0.0064,0.0048,3.9055999999999997,1.2875,0.005,-0.0025,-10.1575,1,1,1,0,0,0,120,120,120,120,120,120,0,0,213,200,200,200
280.781438643,24.625,24.875,25.25,58.0,0.0064,0.0016,3.9055999999999997,1.2875,-0.0025,0.0,-10.1575,1,1,1,0,0,0,120,120,120,120,120,120,0,0,213,200,200,200
283.781442776,24.625,24.875,25.3125,58.0,0.0064,0.0032,3.9088000000000003,1.2875,0.0025,0.0,-10.155,1,1,1,0,0,0,120,120,120,120,120,120,0,0,213,200,200,200
286.781445474,24.6875,24.875,25.3125,59.1,0.008,0.0016,3.9088000000000003,1.2875,-0.0025,-0.0025,-10.1575,1,1,1,0,0,0,120,120,120,120,120,120,0,0,213,200,200,200
289.781449084,24.6875,24.875,25.375,58.5,0.008,0.0032,3.9088000000000003,1.2875,0.005,-0.0025,-10.155,1,1,1,0,0,0,120,120,120,120,120,120,0,0,213,200,200,200
292.78144955,24.6875,24.875,25.375,59.1,0.0096,0.0032,3.9104,1.2875,-0.0025,0.0,-10.16,1,1,1,0,0,0,120,120,120,120,120,120,0,0,213,200,200,200
295.781451513,24.6875,24.9375,25.375,59.1,0.0096,0.0032,3.9104,1.2875,-0.0025,0.0,-10.1575,1,1,1,0,0,0,120,120,120,120,120,120,0,0,213,200,200,200
298.781452587,24.75,24.9375,25.4375,58.5,0.008,0.0016,3.9104,1.2875,0.0,-0.0025,-10.1575,1,1,1,0,0,0,120,120,120,120,120,120,0,0,213,200,200,200
301.781456325,24.75,25.0,25.4375,59.1,0.0096,0.0032,3.912,1.2875,0.0025,-0.0025,-10.1575,1,1,1,0,0,0,120,120,120,120,120,120,0,0,213,200,200,200
304.781456803,24.75,25.0,25.5,59.1,0.011200000000000002,0.0016,3.912,1.2875,0.0,-0.0025,-10.155,1,1,1,0,0,0,120,120,120,120,120,120,0,0,213,200,200,200
307.781460182,24.8125,25.0,25.5,59.1,0.0064,0.0032,3.9104,1.2875,0.0,0.0,-10.1575,1,1,1,0,0,0,120,120,120,120,120,120,0,0,213,200,200,200
310.781460958,24.8125,25.0,25.5625,59.1,0.008,0.0032,3.912,1.2875,0.0025,-0.0025,-10.16,1,1,1,0,0,0,120,120,120,120,120,120,0,0,213,200,200,200
313.78146394,24.8125,25.0,25.5625,58.5,0.008,0.0032,3.9136,1.2875,-0.0025,-0.0025,-10.1575,1,1,1,0,0,0,120,120,120,120,120,120,0,0,213,200,200,200
316.781467014,24.875,25.0,25.625,59.1,0.008,0.0032,3.912,1.2875,0.0,0.0,-10.155,1,1,1,0,0,0,120,120,120,120,120,120,0,0,213,200,200,200
319.781470564,24.875,25.0625,25.625,59.6,0.0064,0.0048,3.9136,1.2875,0.0,-0.0025,-10.1575,1,1,1,0,0,0,120,120,120,120,120,120,0,0,213,200,200,200
322.781470813,24.875,25.0625,25.625,59.1,0.0064,0.0048,3.912,1.2875,0.005,-0.005,-10.1625,1,1,1,0,0,0,120,120,120,120,120,120,0,0,213,200,200,200
325.781472837,24.875,25.0625,25.6875,60.1,0.0064,0.0032,3.912,1.2875,-0.005,0.0,-10.1625,1,1,1,0,0,0,120,120,120,120,120,120,0,0,213,200,200,200
328.781530149,24.875,25.0625,25.6875,59.1,0.0096,0.0032,3.9152,1.2875,0.0025,-0.005,-10.1575,1,1,1,0,0,0,120,120,120,120,120,120,0,0,213,200,200,200
331.781530278,24.875,25.0625,25.6875,59.1,0.0096,0.0032,3.9136,1.2875,-0.0025,0.0,-10.16,1,1,1,0,0,0,120,120,120,120,120,120,0,0,213,200,200,200
334.781534189,24.875,25.0625,25.6875,60.1,0.008,0.0048,3.9152,1.2875,-0.0025,-0.0025,-10.12,1,1,1,0,0,0,120,120,120,120,120,120,0,0,214,200,200,200
337.781535139,24.875,25.0625,25.6875,59.1,0.0064,0.0048,3.9136,1.2875,0.0025,-0.0025,-10.1175,1,1,1,0,0,0,120,120,120,120,120,120,0,0,214,200,200,200
340.781536077,24.875,25.0625,25.75,59.1,0.0064,0.0032,3.9152,1.2875,-0.0025,0.0,-10.125,1,1,1,0,0,0,120,120,120,120,120,120,0,0,214,200,200,200
343.781538595,24.875,25.0,25.75,59.1,0.008,0.0032,3.9152,1.2875,-0.0025,-0.0025,-10.12,1,1,1,0,0,0,120,120,120,120,120,120,0,0,214,200,200,200
346.781541787,24.875,25.0,25.75,59.1,0.011200000000000002,0.0032,3.9136,1.2875,0.0,-0.0025,-10.12,1,1,1,0,0,0,120,120,120,120,120,120,0,0,214,200,200,200
349.781544385,24.875,25.0,25.75,59.6,0.0096,0.0032,3.9168000000000003,1.2875,-0.0025,-0.0025,-10.1225,1,1,1,0,0,0,120,120,120,120,120,120,0,0,214,200,200,200
352.781548349,24.875,25.0,25.8125,59.1,0.008,0.0016,3.9168000000000003,1.2875,0.0025,0.0,-10.12,1,1,1,0,0,0,120,120,120,120,120,120,0,0,214,200,200,200
355.78155012,24.875,25.0,25.8125,59.6,0.0096,0.0048,3.9168000000000003,1.2875,0.0025,-0.0025,-10.12,1,1,1,0,0,0,120,120,120,120,120,120,0,0,214,200,200,200
358.78155161,24.9375,25.0,25.875,59.6,0.008,0.0032,3.9184000000000005,1.2875,-0.0025,-0.0025,-10.1175,1,1,1,0,0,0,120,120,120,120,120,120,0,0,214,200,200,200
361.781553635,24.875,25.0,25.875,59.1,0.008,0.0032,3.9168000000000003,1.2875,0.0025,-0.0075,-10.1125,1,1,1,0,0,0,120,120,120,120,120,120,0,0,214,200,200,200
364.781557638,24.9375,25.0625,25.9375,60.1,0.0064,0.0048,3.92,1.2875,-0.0025,-0.0025,-10.12,1,1,1,0,0,0,120,120,120,120,120,120,0,0,214,200,200,200
367.781558449,24.9375,25.0625,26.0,60.7,0.0064,0.0016,3.9184000000000005,1.2875,0.0025,-0.0025,-10.1225,1,1,1,0,0,0,120,120,120,120,120,120,0,0,214,200,200,200
370.781562409,25.0,25.0625,26.0,60.1,0.0048,0.0032,3.9184000000000005,1.2875,0.0,-0.0025,-10.125,1,1,1,0,0,0,120,120,120,120,120,120,0,0,214,200,200,200
373.781564973,25.0,25.125,26.0,59.1,0.008,0.0032,3.9168000000000003,1.2875,0.0025,-0.0025,-10.1225,1,1,1,0,0,0,120,120,120,120,120,120,0,0,214,200,200,200
376.781568211,25.0,25.125,26.0625,59.6,0.0048,0.0032,3.9184000000000005,1.2875,0.0,-0.005,-10.12,1,1,1,0,0,0,120,120,120,120,120,120,0,0,214,200,200,200
379.781568623,25.0,25.1875,26.0625,60.1,0.0048,0.0048,3.9184000000000005,1.2875,0.0,-0.0025,-10.1175,1,1,1,0,0,0,120,120,120,120,120,120,0,0,214,200,200,200
382.781569843,25.0625,25.1875,26.125,59.1,0.0064,0.0032,3.9168000000000003,1.2875,0.0,-0.0025,-10.1175,1,1,1,0,0,0,120,120,120,120,120,120,0,0,214,200,200,200
385.781569985,25.0625,25.25,26.125,60.1,0.0064,0.0032,3.9184000000000005,1.2875,-0.005,-0.005,-10.12,1,1,1,0,0,0,120,120,120,120,120,120,0,0,214,200,200,200
388.781572841,25.0625,25.25,26.125,60.1,0.0048,0.0016,3.92,1.2875,-0.0025,0.005,-10.12,1,1,1,0,0,0,120,120,120,120,120,120,0,0,214,200,200,200
391.781576109,25.0625,25.25,26.125,60.1,0.0048,0.0016,3.92,1.2875,0.0025,-0.0025,-10.1225,1,1,1,0,0,0,120,120,120,120,120,120,0,0,214,200,200,200
394.781578008,25.125,25.25,26.1875,60.7,0.008,0.0032,3.9184000000000005,1.2875,0.0025,0.0,-10.085,1,1,1,0,0,0,120,120,120,120,120,120,0,0,215,200,200,200
397.781584104,25.125,25.25,26.1875,60.7,0.0064,0.0016,3.9216,1.2875,-0.0025,-0.0025,-10.0825,1,1,1,0,0,0,120,120,120,120,120,120,0,0,215,200,200,200
400.7815872,25.125,25.25,26.1875,60.1,0.0064,0.0032,3.92,1.2875,0.0,0.0025,-10.085,1,1,1,0,0,0,120,120,120,120,120,120,0,0,215,200,200,200
403.781588329,25.125,25.25,26.1875,60.7,0.0064,0.0032,3.92,1.2875,-0.0025,-0.005,-10.0825,1,1,1,0,0,0,120,120,120,120,120,120,0,0,215,200,200,200
406.781592223,25.125,25.25,26.1875,59.6,0.0064,0.0032,3.9184000000000005,1.2875,0.0,-0.0025,-10.08,1,1,1,0,0,0,120,120,120,120,120,120,0,0,215,200,200,200
409.781593979,25.125,25.25,26.1875,60.7,0.0064,0.0016,3.92,1.2875,-0.0025,-0.0025,-10.0775,1,1,1,0,0,0,120,120,120,120,120,120,0,0,215,200,200,200
412.781596142,25.125,25.25,26.1875,60.7,0.0064,0.0032,3.9216,1.2875,0.0,-0.0025,-10.08,1,1,1,0,0,0,120,120,120,120,120,120,0,0,215,200,200,200
415.781597976,25.125,25.25,26.1875,60.1,0.0064,0.0032,3.9216,1.2875,-0.0025,-0.0025,-10.0825,1,1,1,0,0,0,120,120,120,120,120,120,0,0,215,200,200,200
418.781600308,25.125,25.25,26.1875,60.7,0.008,0.0032,3.9232,1.2875,-0.0025,-0.0025,-10.08,1,1,1,0,0,0,120,120,120,120,120,120,0,0,215,200,200,200
421.781602923,25.125,25.25,26.1875,60.1,0.008,0.0016,3.92,1.2875,0.0,-0.0025,-10.0825,1,1,1,0,0,0,120,120,120,120,120,120,0,0,215,200,200,200
424.781605555,25.125,25.1875,26.1875,60.7,0.0064,0.0016,3.9216,1.2875,-0.0025,-0.005,-10.0775,1,1,1,0,0,0,120,120,120,120,120,120,0,0,215,200,200,200
427.781605907,25.125,25.25,26.25,60.1,0.0064,0.0048,3.9232,1.2875,0.0,0.0,-10.0825,1,1,1,0,0,0,120,120,120,120,120,120,0,0,215,200,200,200
430.781608714,25.0625,25.1875,26.25,60.1,0.008,0.0016,3.9232,1.2875,0.0,0.0,-10.0825,1,1,1,0,0,0,120,120,120,120,120,120,0,0,215,200,200,200
433.781614281,25.125,25.1875,26.25,61.2,0.008,0.0032,3.9248000000000003,1.2875,-0.005,0.0,-10.08,1,1,1,0,0,0,120,120,120,120,120,120,0,0,215,200,200,200
436.78161547,25.125,25.1875,26.25,61.2,0.0064,0.0,3.9248000000000003,1.2875,0.0,-0.0025,-10.085,1,1,1,0,0,0,120,120,120,120,120,120,0,0,215,200,200,200
439.781619098,25.0625,25.1875,26.25,60.7,0.0064,0.0016,3.9232,1.2875,0.0,-0.005,-10.08,1,1,1,0,0,0,120,120,120,120,120,120,0,0,215,200,200,200
442.781623131,25.0625,25.1875,26.3125,60.1,0.0048,0.0032,3.9232,1.2875,0.0,-0.0025,-10.08,1,1,1,0,0,0,120,120,120,120,120,120,0,0,215,200,200,200
445.781627198,25.0625,25.1875,26.25,61.2,0.008,0.0032,3.9248000000000003,1.2875,0.0025,0.0025,-10.0825,1,1,1,0,0,0,120,120,120,120,120,120,0,0,215,200,200,200
448.781630306,25.0625,25.125,26.3125,60.1,0.008,0.0032,3.9232,1.2875,-0.0025,-0.005,-10.085,1,1,1,0,0,0,120,120,120,120,120,120,0,0,215,200,200,200
451.781632036,25.0625,25.125,26.3125,60.7,0.0064,0.0032,3.9232,1.2875,0.0025,0.0,-10.085,1,1,1,0,0,0,120,120,120,120,120,120,0,0,215,200,200,200
454.781635247,25.0625,25.125,26.3125,60.7,0.0064,0.0048,3.9248000000000003,1.2875,0.0025,-0.0025,-10.045,1,1,1,0,0,0,120,120,120,120,120,120,0,0,216,200,200,200
457.781636239,25.0625,25.125,26.3125,60.1,0.0064,0.0032,3.9232,1.2875,-0.0025,-0.0025,-10.0475,1,1,1,0,0,0,120,120,120,120,120,120,0,0,216,200,200,200
460.781639279,25.0625,25.1875,26.375,60.7,0.0064,0.0032,3.9232,1.2875,0.0025,-0.0025,-10.045,1,1,1,0,0,0,120,120,120,120,120,120,0,0,216,200,200,200
463.78164103,25.125,25.1875,26.4375,60.7,0.0048,0.0016,3.9248000000000003,1.2875,0.0025,0.0,-10.045,1,1,1,0,0,0,120,120,120,120,120,120,0,0,216,200,200,200
466.781641229,25.125,25.1875,26.4375,61.2,0.0064,0.0,3.9232,1.2875,0.0,0.0025,-10.0475,1,1,1,0,0,0,120,120,120,120,120,120,0,0,216,200,200,200
469.781642009,25.125,25.1875,26.5,61.2,0.0048,0.0032,3.9263999999999997,1.2875,-0.0025,-0.0025,-10.0475,1,1,1,0,0,0,120,120,120,120,120,120,0,0,216,200,200,200
472.781644304,25.0625,25.1875,26.5,61.2,0.0048,0.0016,3.9248000000000003,1.2875,0.0025,-0.0025,-10.05,1,1,1,0,0,0,120,120,120,120,120,120,0,0,216,200,200,200
475.781647747,25.125,25.1875,26.5,61.2,0.0064,0.0016,3.9263999999999997,1.2875,-0.0025,-0.0025,-10.0475,1,1,1,0,0,0,120,120,120,120,120,120,0,0,216,200,200,200
478.781649367,25.125,25.1875,26.5,60.7,0.0048,0.0016,3.9263999999999997,1.2875,0.0025,-0.0025,-10.045,1,1,1,0,0,0,120,120,120,120,120,120,0,0,216,200,200,200
481.781652078,25.125,25.1875,26.5,61.2,0.0048,0.0,3.9248000000000003,1.2875,0.0,-0.0025,-10.045,1,1,1,0,0,0,120,120,120,120,120,120,0,0,216,200,200,200
484.781654159,25.125,25.1875,26.5,60.7,0.0064,0.0032,3.9248000000000003,1.2875,0.0025,-0.0025,-10.0475,1,1,1,0,0,0,120,120,120,120,120,120,0,0,216,200,200,200
487.781654462,25.125,25.1875,26.5,61.2,0.0064,0.0032,3.9263999999999997,1.2875,-0.0025,0.0,-10.045,1,1,1,0,0,0,120,120,120,120,120,120,0,0,216,200,200,200
490.781655485,25.125,25.1875,26.5,61.2,0.0048,0.0016,3.9248000000000003,1.2875,0.0025,0.0,-10.0475,1,1,1,0,0,0,120,120,120,120,120,120,0,0,216,200,200,200
493.781658841,25.0625,25.125,26.5625,61.2,0.0048,0.0048,3.9263999999999997,1.2875,-0.0025,0.0,-10.05,1,1,1,0,0,0,120,120,120,120,120,120,0,0,216,200,200,200
496.781658902,25.125,25.125,26.5625,61.2,0.0064,0.0032,3.9248000000000003,1.2875,-0.0025,-0.005,-10.0475,1,1,1,0,0,0,120,120,120,120,120,120,0,0,216,200,200,200
499.781661136,25.125,25.125,26.5,60.7,0.0064,0.0016,3.9263999999999997,1.2875,0.0,-0.0025,-10.0475,1,1,1,0,0,0,120,120,120,120,120,120,0,0,216,200,200,200
502.781664395,25.0625,25.125,26.5625,61.2,0.008,0.0032,3.928,1.2875,-0.0025,0.0,-10.05,1,1,1,0,0,0,120,120,120,120,120,120,0,0,216,200,200,200
505.781666282,25.125,25.125,26.5625,60.7,0.0064,0.0032,3.928,1.2875,0.0,-0.0025,-10.0525,1,1,1,0,0,0,120,120,120,120,120,120,0,0,216,200,200,200
508.781667472,25.125,25.125,26.5625,61.2,0.0064,0.0016,3.928,1.2875,0.0025,-0.0025,-10.05,1,1,1,0,0,0,120,120,120,120,120,120,0,0,216,200,200,200
511.781670307,25.125,25.125,26.5625,61.2,0.0064,0.0,3.9263999999999997,1.2875,0.0,-0.0025,-10.0475,1,1,1,0,0,0,120,120,120,120,120,120,0,0,216,200,200,200
514.781673692,25.125,25.1875,26.5625,61.2,0.0064,0.0032,3.928,1.2875,0.0025,0.0,-10.01,1,1,1,0,0,0,120,120,120,120,120,120,0,0,217,200,200,200
517.781676585,25.125,25.125,26.5625,61.2,0.0048,0.0016,3.9263999999999997,1.2875,-0.0025,-0.0025,-10.0075,1,1,1,0,0,0,120,120,120,120,120,120,0,0,217,200,200,200
520.781677212,25.0625,25.1875,26.5625,61.2,0.0048,0.0016,3.9296,1.2875,-0.0025,-0.005,-10.01,1,1,1,0,0,0,120,120,120,120,120,120,0,0,217,200,200,200
523.781677709,25.125,25.125,26.5625,61.8,0.0064,0.0032,3.928,1.2875,0.0,-0.0025,-10.0125,1,1,1,0,0,0,120,120,120,120,120,120,0,0,217,200,200,200
526.781680344,25.125,25.1875,26.625,61.2,0.0064,0.0016,3.9296,1.2875,0.0025,-0.0025,-10.01,1,1,1,0,0,0,120,120,120,120,120,120,0,0,217,200,200,200
529.781683471,25.125,25.125,26.625,61.8,0.0048,0.0,3.928,1.2875,0.0025,-0.0025,-10.0075,1,1,1,0,0,0,120,120,120,120,120,120,0,0,217,200,200,200
532.781683721,25.125,25.1875,26.625,62.3,0.0048,0.0032,3.928,1.2875,0.0,0.0,-10.01,1,1,1,0,0,0,120,120,120,120,120,120,0,0,217,200,200,200
535.781684578,25.125,25.1875,26.625,61.2,0.0048,0.0,3.928,1.2875,-0.0025,-0.0025,-10.01,1,1,1,0,0,0,120,120,120,120,120,120,0,0,217,200,200,200
538.781687494,25.1875,25.1875,26.6875,61.2,0.0064,0.0032,3.9312,1.2875,-0.0025,0.0,-10.0125,1,1,1,0,0,0,120,120,120,120,120,120,0,0,217,200,200,200
541.781691263,25.1875,25.25,26.6875,61.2,0.0048,0.0016,3.9312,1.2875,-0.0025,0.0,-10.0075,1,1,1,0,0,0,120,120,120,120,120,120,0,0,217,200,200,200
544.7816915,25.1875,25.25,26.6875,61.2,0.0048,0.0016,3.9296,1.2875,0.0075,-0.0025,-10.0125,1,1,1,0,0,0,120,120,120,120,120,120,0,0,217,200,200,200
547.781692936,25.25,25.25,26.6875,61.2,0.0032,0.0032,3.9296,1.2875,0.0,-0.005,-10.0125,1,1,1,0,0,0,120,120,120,120,120,120,0,0,217,200,200,200
550.781696444,25.1875,25.25,26.6875,61.2,0.0048,0.0016,3.928,1.2875,0.0,-0.0025,-10.01,1,1,1,0,0,0,120,120,120,120,120,120,0,0,217,200,200,200
553.781697691,25.25,25.25,26.6875,62.3,0.0048,0.0,3.9312,1.2875,0.0,0.0,-10.01,1,1,1,0,0,0,120,120,120,120,120,120,0,0,217,200,200,200
556.781698069,25.25,25.25,26.75,61.2,0.0016,0.0016,3.9296,1.2875,-0.0025,-0.0025,-10.01,1,1,1,0,0,0,120,120,120,120,120,120,0,0,217,200,200,200
559.78170069,25.25,25.25,26.75,61.2,0.0048,0.0,3.9296,1.2875,0.0025,-0.005,-10.01,1,1,1,0,0,0,120,120,120,120,120,120,0,0,217,200,200,200
562.781702675,25.25,25.3125,26.8125,61.2,0.0048,0.0032,3.9296,1.2875,0.0025,0.0025,-10.0125,1,1,1,0,0,0,120,120,120,120,120,120,0,0,217,200,200,200
565.781705258,25.3125,25.3125,26.8125,62.3,0.0048,0.0016,3.9296,1.2875,0.0,0.0,-10.01,1,1,1,0,0,0,120,120,120,120,120,120,0,0,217,200,200,200
568.781709152,25.3125,25.375,26.8125,61.2,0.0048,0.0,3.9296,1.2875,0.0,0.0025,-10.0125,1,1,1,0,0,0,120,120,120,120,120,120,0,0,217,200,200,200
571.781711475,25.375,25.375,26.8125,61.2,0.0048,0.0016,3.9328000000000003,1.2875,0.0,0.0,-10.0175,1,1,1,0,0,0,120,120,120,120,120,120,0,0,217,200,200,200
574.781712991,25.375,25.375,26.8125,61.2,0.0064,0.0016,3.9312,1.2875,0.0,-0.0025,-9.9775,1,1,1,0,0,0,120,120,120,120,120,120,0,0,218,200,200,200
577.781716388,25.375,25.4375,26.8125,61.8,0.0048,0.0032,3.9312,1.2875,0.0,-0.0025,-9.9725,1,1,1,0,0,0,120,120,120,120,120,120,0,0,218,200,200,200
580.781719461,25.375,25.4375,26.8125,62.3,0.0048,0.0,3.9312,1.2875,0.0,0.0,-9.9725,1,1,1,0,0,0,120,120,120,120,120,120,0,0,218,200,200,200
583.781721616,25.4375,25.4375,26.8125,61.8,0.0048,0.0,3.9312,1.2875,-0.0025,0.0,-9.975,1,1,1,0,0,0,120,120,120,120,120,120,0,0,218,200,200,200
586.781723768,25.4375,25.4375,26.8125,61.2,0.0064,0.0,3.9296,1.2875,0.0,0.0,-9.9725,1,1,1,0,0,0,120,120,120,120,120,120,0,0,218,200,200,200
589.781725116,25.4375,25.5,26.875,61.8,0.0064,0.0016,3.9312,1.2875,-0.0025,-0.0025,-9.975,1,1,1,0,0,0,120,120,120,120,120,120,0,0,218,200,200,200
592.781726627,25.4375,25.5,26.8125,61.8,0.0048,0.0032,3.9312,1.2875,0.0025,0.0,-9.975,1,1,1,0,0,0,120,120,120,120,120,120,0,0,218,200,200,200
595.781729422,25.5,25.5,26.875,62.3,0.0048,0.0032,3.9312,1.2875,0.0025,0.0,-9.9775,1,1,1,0,0,0,120,120,120,120,120,120,0,0,218,200,200,200
598.781732854,25.5,25.5625,26.875,61.8,0.0048,0.0016,3.9312,1.2875,-0.0025,0.0,-9.9725,1,1,1,0,0,0,120,120,120,120,120,120,0,0,218,200,200,200
601.781735283,25.5,25.5625,26.9375,61.2,0.0016,0.0016,3.9328000000000003,1.2875,0.0,-0.0025,-9.9775,1,1,1,0,0,0,120,120,120,120,120,120,0,0,218,200,200,200
604.781735434,25.5,25.5625,26.9375,61.2,0.0048,0.0016,3.9328000000000003,1.2875,0.0,0.0,-9.975,1,1,1,0,0,0,120,120,120,120,120,120,0,0,218,200,200,200
607.781736145,25.5625,25.625,26.9375,61.2,0.0032,0.0032,3.9328000000000003,1.2875,0.0025,-0.0075,-9.975,1,1,1,0,0,0,120,120,120,120,120,120,0,0,218,200,200,200
610.78173786,25.5625,25.625,27.0,61.8,0.0048,0.0,3.9328000000000003,1.2875,0.0,0.0025,-9.9775,1,1,1,0,0,0,120,120,120,120,120,120,0,0,218,200,200,200
613.78174128,25.5625,25.6875,27.0,61.2,0.0048,0.0032,3.9312,1.2875,0.0025,-0.005,-9.9775,1,1,1,0,0,0,120,120,120,120,120,120,0,0,218,200,200,200
616.781744347,25.5625,25.6875,27.0,61.2,0.0048,0.0016,3.9328000000000003,1.2875,-0.0025,0.0,-9.975,1,1,1,0,0,0,120,120,120,120,120,120,0,0,218,200,200,200
619.781746199,25.625,25.75,27.0,61.8,0.0016,0.0,3.9328000000000003,1.2875,0.0025,-0.0025,-9.975,1,1,1,0,0,0,120,120,120,120,120,120,0,0,218,200,200,200
622.781749985,25.625,25.75,27.0625,61.2,0.0016,0.0016,3.9344,1.2875,-0.0025,0.0,-9.9775,1,1,1,0,0,0,120,120,120,120,120,120,0,0,218,200,200,200
625.781750519,25.6875,25.75,27.0625,61.2,0.0048,0.0016,3.9328000000000003,1.2875,0.0025,0.0,-9.9775,1,1,1,0,0,0,120,120,120,120,120,120,0,0,218,200,200,200
628.781754594,25.6875,25.75,27.0625,61.2,0.0064,0.0016,3.9328000000000003,1.2875,0.0025,-0.0025,-9.9775,1,1,1,0,0,0,120,120,120,120,120,120,0,0,218,200,200,200
631.781755982,25.6875,25.8125,27.0625,61.2,0.0048,0.0016,3.9328000000000003,1.2875,0.0025,0.0,-9.975,1,1,1,0,0,0,120,120,120,120,120,120,0,0,218,200,200,200
634.781757152,25.6875,25.8125,27.0625,61.2,0.0048,0.0,3.9328000000000003,1.2875,0.0,-0.0025,-9.94,1,1,1,0,0,0,120,120,120,120,120,120,0,0,219,200,200,200
637.781759063,25.6875,25.8125,27.0625,61.2,0.0032,0.0016,3.9328000000000003,1.2875,-0.0025,-0.0025,-9.9425,1,1,1,0,0,0,120,120,120,120,120,120,0,0,219,200,200,200
640.781761735,25.75,25.875,27.125,62.3,0.0048,0.0016,3.9344,1.2875,0.005,-0.005,-9.94,1,1,1,0,0,0,120,120,120,120,120,120,0,0,219,200,200,200
643.781765239,25.75,25.8125,27.0625,61.8,0.0064,0.0,3.936,1.2875,0.0,0.0,-9.9425,1,1,1,0,0,0,120,120,120,120,120,120,0,0,219,200,200,200
646.781765273,25.75,25.875,27.125,62.3,0.0048,0.0,3.9328000000000003,1.2875,-0.0025,0.0,-9.9375,1,1,1,0,0,0,120,120,120,120,120,120,0,0,219,200,200,200
649.781768522,25.75,25.8125,27.125,62.3,0.0048,0.0032,3.9328000000000003,1.2875,-0.0025,-0.0025,-9.9425,1,1,1,0,0,0,120,120,120,120,120,120,0,0,219,200,200,200
652.78176938,25.75,25.8125,27.0625,61.2,0.0048,0.0016,3.936,1.2875,0.0,-0.0025,-9.9375,1,1,1,0,0,0,120,120,120,120,120,120,0,0,219,200,200,200
655.781770468,25.75,25.8125,27.125,61.8,0.0048,0.0032,3.9344,1.2875,-0.0025,-0.0025,-9.94,1,1,1,0,0,0,120,120,120,120,120,120,0,0,219,200,200,200
658.781774565,25.75,25.8125,27.0625,62.3,0.0048,0.0,3.9344,1.2875,-0.0025,-0.005,-9.9425,1,1,1,0,0,0,120,120,120,120,120,120,0,0,219,200,200,200
661.78177825,25.8125,25.8125,27.125,61.2,0.0048,0.0016,3.936,1.2875,-0.0025,-0.005,-9.9375,1,1,1,0,0,0,120,120,120,120,120,120,0,0,219,200,200,200
664.781778832,25.75,25.8125,27.125,61.8,0.0064,0.0,3.9328000000000003,1.2875,0.0,0.0,-9.9425,1,1,1,0,0,0,120,120,120,120,120,120,0,0,219,200,200,200
667.781780183,25.8125,25.8125,27.125,62.3,0.0064,0.0016,3.936,1.2875,0.0025,-0.005,-9.94,1,1,1,0,0,0,120,120,120,120,120,120,0,0,219,200,200,200
670.781782005,25.8125,25.8125,27.125,61.2,0.0048,0.0032,3.9344,1.2875,0.0,0.0,-9.9375,1,1,1,0,0,0,120,120,120,120,120,120,0,0,219,200,200,200
673.781783897,25.8125,25.8125,27.125,61.8,0.0048,0.0016,3.936,1.2875,0.0,-0.0075,-9.9425,1,1,1,0,0,0,120,120,120,120,120,120,0,0,219,200,200,200
676.781786812,25.8125,25.875,27.125,61.8,0.0064,0.0016,3.936,1.2875,-0.005,-0.0025,-9.9425,1,1,1,0,0,0,120,120,120,120,120,120,0,0,219,200,200,200
679.781792796,25.875,25.875,27.125,61.2,0.0032,0.0,3.936,1.2875,0.0025,-0.0025,-9.94,1,1,1,0,0,0,120,120,120,120,120,120,0,0,219,200,200,200
682.781795197,25.875,25.875,27.1875,61.2,0.0064,0.0016,3.9375999999999998,1.2875,0.0025,0.0025,-9.935,1,1,1,0,0,0,120,120,120,120,120,120,0,0,219,200,200,200
685.781796218,25.875,25.875,27.1875,62.3,0.0048,0.0016,3.936,1.2875,0.0,0.0,-9.94,1,1,1,0,0,0,120,120,120,120,120,120,0,0,219,200,200,200
688.781800246,25.875,25.875,27.1875,62.3,0.0032,0.0016,3.9344,1.2875,0.0,-0.0025,-9.9375,1,1,1,0,0,0,120,120,120,120,120,120,0,0,219,200,200,200
691.781802868,25.875,25.9375,27.1875,62.3,0.0032,0.0016,3.936,1.2875,0.0,-0.0025,-9.9425,1,1,1,0,0,0,120,120,120,120,120,120,0,0,219,200,200,200
694.781806494,25.9375,25.9375,27.25,62.3,0.0048,0.0,3.9152,1.2875,0.0,-0.0025,-3.105,1,1,1,0,0,0,120,120,120,120,120,120,0,0,220,200,200,200
697.781807856,25.9375,25.9375,27.25,61.8,0.0064,0.0016,3.92,1.2875,0.0,0.0,-4.025,1,1,1,0,0,0,120,120,120,120,120,120,0,0,220,200,200,200
700.781811549,25.9375,25.9375,27.25,61.8,0.0032,0.0016,3.9152,1.2875,0.0,0.0,-1.3625,1,1,1,0,0,0,120,120,120,120,120,120,0,0,220,200,200,200
703.781812793,25.9375,25.9375,27.25,61.2,0.0048,0.0016,3.92,1.2875,0.0,0.0,-6.19,1,1,1,0,0,0,120,120,120,120,120,120,0,0,220,200,200,200
706.781814571,25.9375,25.9375,27.25,62.3,0.0048,0.0016,3.9216,1.2875,0.0,-0.0025,-6.8675,1,1,1,0,0,0,120,120,120,120,120,120,0,0,220,200,200,200
709.781815175,25.9375,25.9375,27.25,62.3,0.0064,0.0032,3.9168000000000003,1.2875,-0.0025,0.005,-3.7025,1,1,1,0,0,0,120,120,120,120,120,120,0,0,220,200,200,200
712.781815918,25.9375,25.9375,27.1875,61.8,0.0048,0.0016,3.92,1.2875,-0.0025,0.0,-6.1875,1,1,1,0,0,0,120,120,120,120,120,120,0,0,220,200,200,200
715.781815927,25.9375,25.9375,27.1875,62.3,0.0048,0.0,3.9152,1.2875,0.0025,-0.0025,-5.78,1,1,1,0,0,0,120,120,120,120,120,120,0,0,220,200,200,200
718.78181964,25.9375,25.9375,27.1875,62.8,0.0048,0.0,3.92,1.2875,0.0,-0.0025,-6.1925,1,1,1,0,0,0,120,120,120,120,120,120,0,0,220,200,200,200
721.781821963,25.9375,25.9375,27.1875,63.4,0.0064,0.0032,3.92,1.2875,0.0,-0.005,-5.39,1,1,1,0,0,0,120,120,120,120,120,120,0,0,220,200,200,200
724.781824729,25.9375,25.9375,27.1875,62.3,0.0064,0.0016,3.9152,1.2875,0.0,0.0,-5.6225,1,1,1,0,0,0,120,120,120,120,120,120,0,0,220,200,200,200
727.781825866,25.9375,25.9375,27.1875,62.3,0.008,0.0016,3.9184000000000005,1.2875,0.0,-0.0025,-6.1975,1,1,1,0,0,0,120,120,120,120,120,120,0,0,220,200,200,200
730.781829186,25.9375,25.9375,27.125,61.2,0.0064,0.0032,3.9088000000000003,1.2875,0.0,-0.0025,-1.6975,1,1,1,0,0,0,120,120,120,120,120,120,0,0,220,200,200,200
733.781829802,25.9375,25.9375,27.125,61.8,0.0064,0.0032,3.9184000000000005,1.2875,0.0,-0.0025,-6.18,1,1,1,0,0,0,120,120,120,120,120,120,0,0,220,200,200,200
736.781831006,25.9375,25.9375,27.1875,62.3,0.0064,0.0032,3.9184000000000005,1.2875,0.0025,-0.0025,-6.1625,1,1,1,0,0,0,120,120,120,120,120,120,0,0,220,200,200,200
739.781833432,25.9375,25.9375,27.1875,62.3,0.0032,0.0016,3.9184000000000005,1.2875,0.0,-0.005,-6.1675,1,1,1,0,0,0,120,120,120,120,120,120,0,0,220,200,200,200
742.7818361,25.9375,25.9375,27.1875,61.8,0.0048,0.0016,3.9136,1.2875,0.0,0.0,-0.025,1,1,1,0,0,0,120,120,120,120,120,120,0,0,220,200,200,200
745.781837663,26.0,25.9375,27.1875,62.3,0.0048,0.0048,3.9072000000000005,1.2875,0.0,-0.0025,-0.3325,1,1,1,0,0,0,120,120,120,120,120,120,0,0,220,200,200,200
748.781839069,26.0,26.0,27.1875,61.8,0.0048,0.0016,3.9168000000000003,1.2875,0.0,0.0,-6.19,1,1,1,0,0,0,120,120,120,120,120,120,0,0,220,200,200,200
751.781839909,26.0,26.0,27.25,62.3,0.0032,0.0016,3.92,1.2875,-0.0025,-0.0025,-6.195,1,1,1,0,0,0,120,120,120,120,120,120,0,0,220,200,200,200
754.781840504,26.0,26.0,27.25,62.3,0.0064,0.0,3.9184000000000005,1.2875,0.0025,-0.0025,-5.955,1,1,1,0,0,0,120,120,120,120,120,120,0,0,221,200,200,200
757.781843622,26.0,26.0,27.25,62.3,0.0048,0.0032,3.9184000000000005,1.2875,-0.0025,0.0025,-6.1775,1,1,1,0,0,0,120,120,120,120,120,120,0,0,221,200,200,200
760.781845991,26.0,26.0,27.25,61.8,0.0048,0.0032,3.9168000000000003,1.2875,0.0,0.0,-6.175,1,1,1,0,0,0,120,120,120,120,120,120,0,0,221,200,200,200
763.78184741,26.0,26.0,27.25,62.3,0.0048,0.0032,3.9168000000000003,1.2875,0.0,-0.005,-6.175,1,1,1,0,0,0,120,120,120,120,120,120,0,0,221,200,200,200
766.781848198,26.0,26.0,27.25,62.3,0.0048,0.0032,3.9136,1.2875,0.0025,0.0,-6.185,1,1,1,0,0,0,120,120,120,120,120,120,0,0,221,200,200,200
769.781848624,26.0,26.0,27.25,61.8,0.0048,0.0016,3.9168000000000003,1.2875,0.0025,0.0,-6.1775,1,1,1,0,0,0,120,120,120,120,120,120,0,0,221,200,200,200
772.781851194,26.0,26.0,27.25,62.8,0.0048,0.0016,3.92,1.2875,0.0025,0.0,-6.165,1,1,1,0,0,0,120,120,120,120,120,120,0,0,221,200,200,200
775.781854302,26.0,26.0,27.25,61.2,0.0032,0.0016,3.9216,1.2875,0.0,0.0,-6.17,1,1,1,0,0,0,120,120,120,120,120,120,0,0,221,200,200,200
778.781857329,26.0625,26.0,27.1875,62.3,0.0032,0.0016,3.9184000000000005,1.2875,0.0025,-0.0025,-3.81,1,1,1,0,0,0,120,120,120,120,120,120,0,0,221,200,200,200
781.781861323,26.0625,26.0,27.1875,62.3,0.0032,0.0016,3.9152,1.2875,0.0025,-0.0025,-6.1725,1,1,1,0,0,0,120,120,120,120,120,120,0,0,221,200,200,200
784.781864365,26.0625,26.0,27.1875,62.3,0.0016,0.0,3.9184000000000005,1.2875,0.0,0.0,-6.1625,1,1,1,0,0,0,120,120,120,120,120,120,0,0,221,200,200,200
787.78186573,26.0625,26.0,27.1875,61.8,0.0,0.0016,3.9168000000000003,1.2875,0.0,0.0025,-6.1925,1,1,1,0,0,0,120,120,120,120,120,120,0,0,221,200,200,200
790.781868291,26.0625,26.0625,27.1875,62.3,0.0032,0.0016,3.9168000000000003,1.2875,0.0,-0.005,-6.1775,1,1,1,0,0,0,120,120,120,120,120,120,0,0,221,200,200,200
793.781871219,26.0625,26.0,27.25,62.3,0.0,0.0,3.9168000000000003,1.2875,0.0025,0.0,-6.145,1,1,1,0,0,0,120,120,120,120,120,120,0,0,221,200,200,200
796.781873845,26.0625,26.0,27.25,62.3,0.0,0.0,3.912,1.2875,-0.0025,-0.0025,-6.1825,1,1,1,0,0,0,120,120,120,120,120,120,0,0,221,200,200,200
799.781876068,26.0625,26.0,27.3125,62.3,0.0016,0.0,3.9168000000000003,1.2875,0.0,0.0,-6.135,1,1,1,0,0,0,120,120,120,120,120,120,0,0,221,200,200,200
802.781877844,26.0625,26.0625,27.3125,62.3,0.0032,0.0032,3.9184000000000005,1.2875,-0.0025,-0.005,-6.16,1,1,1,0,0,0,120,120,120,120,120,120,0,0,221,200,200,200
805.781880479,26.0625,26.0625,27.3125,61.2,0.0048,0.0032,3.9184000000000005,1.2875,-0.0025,-0.0025,-6.16,1,1,1,0,0,0,120,120,120,120,120,120,0,0,221,200,200,200
808.781883772,26.0625,26.0625,27.3125,61.8,0.0016,0.0032,3.9104,1.2875,0.0025,0.0025,-6.1775,1,1,1,0,0,0,120,120,120,120,120,120,0,0,221,200,200,200
811.781887362,26.0625,26.0625,27.3125,62.3,0.0,0.0,3.9184000000000005,1.2875,0.0,-0.0025,-6.1325,1,1,1,0,0,0,120,120,120,120,120,120,0,0,221,200,200,200
814.781890681,26.125,26.0625,27.3125,61.8,0.0016,0.0,3.9152,1.2875,0.0,-0.0025,-6.1675,1,1,1,0,0,0,120,120,120,120,120,120,0,0,222,200,200,200
817.781891653,26.125,26.125,27.375,61.8,0.0016,0.0016,3.92,1.2875,-0.0025,-0.0025,-6.03,1,1,1,0,0,0,120,120,120,120,120,120,0,0,222,200,200,200
820.781891999,26.125,26.125,27.3125,62.3,0.0032,0.0032,3.9072000000000005,1.2875,-0.0025,-0.005,-6.1475,1,1,1,0,0,0,120,120,120,120,120,120,0,0,222,200,200,200
823.78189308,26.125,26.125,27.375,61.8,0.0048,0.0,3.9168000000000003,1.2875,-0.0025,0.0,-6.165,1,1,1,0,0,0,120,120,120,120,120,120,0,0,222,200,200,200
826.781895212,26.125,26.125,27.375,62.3,0.0032,0.0016,3.9184000000000005,1.2875,0.0,-0.005,-6.46,1,1,1,0,0,0,120,120,120,120,120,120,0,0,222,200,200,200
829.781896838,26.125,26.125,27.375,61.8,0.0032,0.0,3.9184000000000005,1.2875,0.0,-0.0025,-6.15,1,1,1,0,0,0,120,120,120,120,120,120,0,0,222,200,200,200
832.781900098,26.125,26.125,27.375,62.3,0.0032,0.0016,3.9072000000000005,1.2875,0.0,0.0,-6.1525,1,1,1,0,0,0,120,120,120,120,120,120,0,0,222,200,200,200
835.781900829,26.125,26.1875,27.375,62.3,0.0032,0.0016,3.9168000000000003,1.2875,0.0025,-0.0025,-6.1175,1,1,1,0,0,0,120,120,120,120,120,120,0,0,222,200,200,200
838.781902993,26.125,26.1875,27.375,62.3,0.0048,0.0032,3.9152,1.2875,0.0025,-0.005,-6.165,1,1,1,0,0,0,120,120,120,120,120,120,0,0,222,200,200,200
841.781905711,26.125,26.1875,27.375,62.3,0.0032,0.0,3.9168000000000003,1.2875,-0.0025,-0.0025,-6.1575,1,1,1,0,0,0,120,120,120,120,120,120,0,0,222,200,200,200
844.781909298,26.125,26.125,27.375,62.3,0.0016,0.0016,3.9184000000000005,1.2875,0.0,0.0,-6.1475,1,1,1,0,0,0,120,120,120,120,120,120,0,0,222,200,200,200
847.781913289,26.125,26.125,27.3125,62.3,0.0048,0.0016,3.9168000000000003,1.2875,0.0,-0.0025,-4.765,1,1,1,0,0,0,120,120,120,120,120,120,0,0,222,200,200,200
850.781913574,26.125,26.1875,27.3125,62.3,0.0016,0.0016,3.9184000000000005,1.2875,-0.0025,-0.005,-6.135,1,1,1,0,0,0,120,120,120,120,120,120,0,0,222,200,200,200
853.781917657,26.1875,26.125,27.3125,62.3,0.0032,0.0032,3.9184000000000005,1.2875,0.0,-0.0025,-0.0225,1,1,1,0,0,0,120,120,120,120,120,120,0,0,222,200,200,200
856.781921427,26.125,26.1875,27.3125,62.3,0.0032,0.0,3.9184000000000005,1.2875,0.0,-0.0025,-6.135,1,1,1,0,0,0,120,120,120,120,120,120,0,0,222,200,200,200
859.781924106,26.125,26.125,27.3125,61.8,0.0016,0.0016,3.9184000000000005,1.2875,0.0,-0.0025,-5.47,1,1,1,0,0,0,120,120,120,120,120,120,0,0,222,200,200,200
862.781925802,26.125,26.125,27.3125,62.3,0.0048,0.0016,3.92,1.2875,0.0025,-0.005,-0.0125,1,1,1,0,0,0,120,120,120,120,120,120,0,0,222,200,200,200
865.781927977,26.125,26.0625,27.3125,62.3,0.0048,0.0016,3.9168000000000003,1.2875,0.0,-0.0025,-6.1525,1,1,1,0,0,0,120,120,120,120,120,120,0,0,222,200,200,200
868.781931884,26.125,26.0625,27.25,62.3,0.0048,0.0032,3.9184000000000005,1.2875,0.0,-0.0025,-4.2625,1,1,1,0,0,0,120,120,120,120,120,120,0,0,222,200,200,200
871.78193487,26.125,26.0625,27.25,62.3,0.0048,0.0032,3.9136,1.2875,0.0025,-0.0025,-6.1525,1,1,1,0,0,0,120,120,120,120,120,120,0,0,222,200,200,200
874.781937876,26.125,26.0625,27.25,62.3,0.0032,0.0,3.9136,1.2875,0.0,0.0,-6.0775,1,1,1,0,0,0,120,120,120,120,120,120,0,0,223,200,200,200
877.781940541,26.125,26.0625,27.25,62.3,0.0064,0.0016,3.9088000000000003,1.2875,0.0,-0.005,-6.1175,1,1,1,0,0,0,120,120,120,120,120,120,0,0,223,200,200,200
880.781941982,26.125,26.0625,27.25,61.8,0.0064,0.0032,3.9040000000000004,1.2875,0.0,-0.0025,-6.115,1,1,1,0,0,0,120,120,120,120,120,120,0,0,223,200,200,200
883.781945119,26.125,26.0625,27.25,62.3,0.0048,0.0016,3.9136,1.2875,0.0,0.0,-0.0175,1,1,1,0,0,0,120,120,120,120,120,120,0,0,223,200,200,200
886.78194631,26.125,26.0625,27.25,62.3,0.0032,0.0016,3.9184000000000005,1.2875,0.0,-0.005,-2.23,1,1,1,0,0,0,120,120,120,120,120,120,0,0,223,200,200,200
889.781946337,26.125,26.0625,27.25,61.8,0.0032,0.0032,3.9152,1.2875,-0.0025,-0.005,-6.13,1,1,1,0,0,0,120,120,120,120,120,120,0,0,223,200,200,200
892.781947705,26.125,26.0625,27.25,62.3,0.0032,0.0,3.9152,1.2875,0.0,-0.0025,-6.0925,1,1,1,0,0,0,120,120,120,120,120,120,0,0,223,200,200,200
895.781951248,26.125,26.0625,27.1875,62.3,0.0064,0.0016,3.9152,1.2875,-0.0025,0.0025,-6.095,1,1,1,0,0,0,120,120,120,120,120,120,0,0,223,200,200,200
898.781952127,26.125,26.0625,27.1875,62.3,0.0032,0.0016,3.9152,1.2875,0.0,-0.0025,-0.0175,1,1,1,0,0,0,120,120,120,120,120,120,0,0,223,200,200,200
901.781955656,26.125,26.0625,27.1875,62.8,0.0032,0.0032,3.9040000000000004,1.2875,0.0,-0.005,-6.095,1,1,1,0,0,0,120,120,120,120,120,120,0,0,223,200,200,200
904.781956733,26.125,26.0625,27.1875,62.8,0.0048,0.0,3.9136,1.2875,0.0,-0.005,-3.8375,1,1,1,0,0,0,120,120,120,120,120,120,0,0,223,200,200,200
907.781957081,26.0625,26.0,27.1875,62.8,0.0048,0.0016,3.9136,1.2875,0.0,-0.005,-4.825,1,1,1,0,0,0,120,120,120,120,120,120,0,0,223,200,200,200
910.781961075,26.0625,26.0,27.1875,62.3,0.0032,0.0016,3.9024,1.2875,0.0,0.0,-6.1175,1,1,1,0,0,0,120,120,120,120,120,120,0,0,223,200,200,200
913.781961741,26.0625,26.0,27.1875,62.8,0.0032,0.0016,3.9152,1.2875,0.0,-0.005,-0.005,1,1,1,0,0,0,120,120,120,120,120,120,0,0,223,200,200,200
916.78196361,26.0625,26.0,27.1875,62.8,0.0032,0.0016,3.9136,1.2875,0.0,0.0,-6.1,1,1,1,0,0,0,120,120,120,120,120,120,0,0,223,200,200,200
919.781964185,26.0625,26.0,27.1875,62.8,0.0032,0.0,3.9136,1.2875,-0.0025,0.0,-0.865,1,1,1,0,0,0,120,120,120,120,120,120,0,0,223,200,200,200
922.781967741,26.0625,26.0,27.1875,62.3,0.0048,0.0032,3.9136,1.2875,-0.0025,0.0,-0.0125,1,1,1,0,0,0,120,120,120,120,120,120,0,0,223,200,200,200
925.781968131,26.0625,26.0,27.1875,62.3,0.0048,0.0016,3.9168000000000003,1.2875,0.005,0.0,-0.005,1,1,1,0,0,0,120,120,120,120,120,120,0,0,223,200,200,200
928.781970673,26.0625,26.0,27.1875,62.3,0.0032,0.0,3.9072000000000005,1.2875,0.0025,0.0025,-6.1025,1,1,1,0,0,0,120,120,120,120,120,120,0,0,223,200,200,200
931.781972293,26.125,26.0,27.1875,62.3,0.0032,0.0032,3.9136,1.2875,0.0025,-0.005,-6.1025,1,1,1,0,0,0,120,120,120,120,120,120,0,0,223,200,200,200
934.781974767,26.0625,26.0,27.1875,61.8,0.0032,0.0016,3.8975999999999997,1.2875,0.0025,-0.0025,-6.055,1,1,1,0,0,0,120,120,120,120,120,120,0,0,224,200,200,200
937.781976584,26.125,26.0625,27.1875,62.3,0.0032,0.0,3.8975999999999997,1.2875,0.0025,0.0025,0.0025,1,1,1,0,0,0,120,120,120,120,120,120,0,0,224,200,200,200
940.781977434,26.125,26.0625,27.1875,62.3,0.0032,0.0,3.9104,1.2875,0.0,-0.0025,-6.06,1,1,1,0,0,0,120,120,120,120,120,120,0,0,224,200,200,200
943.781980862,26.125,26.0625,27.1875,62.3,0.0032,0.0032,3.8975999999999997,1.2875,-0.0025,0.0,-6.0375,1,1,1,0,0,0,120,120,120,120,120,120,0,0,224,200,200,200
946.781982493,26.125,26.0625,27.1875,62.3,0.0016,0.0,3.8975999999999997,1.2875,0.0025,-0.0025,0.0025,1,1,1,0,0,0,120,120,120,120,120,120,0,0,224,200,200,200
949.781984257,26.125,26.0625,27.1875,62.3,0.0016,0.0016,3.912,1.2875,0.0025,-0.0025,-0.01,1,1,1,0,0,0,120,120,120,120,120,120,0,0,224,200,200,200
952.781986052,26.1875,26.0625,27.1875,61.2,0.0032,0.0016,3.896,1.2875,0.0,-0.0025,-6.0475,1,1,1,0,0,0,120,120,120,120,120,120,0,0,224,200,200,200
955.781987826,26.1875,26.0625,27.1875,61.2,0.0016,0.0,3.896,1.2875,-0.0025,-0.005,0.0025,1,1,1,0,0,0,120,120,120,120,120,120,0,0,224,200,200,200
958.781990936,26.1875,26.0625,27.1875,62.3,0.0016,0.0016,3.9104,1.2875,-0.0025,-0.0025,-0.33,1,1,1,0,0,0,120,120,120,120,120,120,0,0,224,200,200,200
961.781994967,26.1875,26.0625,27.1875,61.2,0.0016,0.0,3.8975999999999997,1.2875,0.0025,0.0025,0.0,1,1,1,0,0,0,120,120,120,120,120,120,0,0,224,200,200,200
964.781996639,26.1875,26.0625,27.125,62.3,0.0032,0.0,3.896,1.2875,0.0,0.0025,0.0025,1,1,1,0,0,0,120,120,120,120,120,120,0,0,224,200,200,200
967.781997932,26.1875,26.0625,27.125,62.8,0.0048,0.0,3.9104,1.2875,0.0,-0.0025,-4.535,1,1,1,0,0,0,120,120,120,120,120,120,0,0,224,200,200,200
970.781998537,26.1875,26.0625,27.125,62.3,0.0048,0.0,3.896,1.2875,0.0,-0.005,-6.0425,1,1,1,0,0,0,120,120,120,120,120,120,0,0,224,200,200,200
973.782000224,26.1875,26.0625,27.125,62.3,0.0064,0.0032,3.8975999999999997,1.2875,0.0,-0.0025,0.0025,1,1,1,0,0,0,120,120,120,120,120,120,0,0,224,200,200,200
976.78200383,26.125,26.0625,27.125,61.8,0.0048,0.0032,3.9104,1.2875,-0.005,-0.0025,-0.0125,1,1,1,0,0,0,120,120,120,120,120,120,0,0,224,200,200,200
979.782006022,26.125,26.0625,27.125,62.3,0.0064,0.0032,3.8944,1.2875,-0.0025,-0.0025,-6.05,1,1,1,0,0,0,120,120,120,120,120,120,0,0,224,200,200,200
982.782006697,26.125,26.0,27.125,63.4,0.0048,0.0016,3.8944,1.2875,-0.0025,-0.0025,0.0,1,1,1,0,0,0,120,120,120,120,120,120,0,0,224,200,200,200
985.782009867,26.0625,26.0,27.125,63.4,0.0064,0.0016,3.9104,1.2875,0.0,-0.0025,-0.0375,1,1,1,0,0,0,120,120,120,120,120,120,0,0,224,200,200,200
988.782013918,26.0625,26.0,27.125,62.8,0.0048,0.0032,3.8992000000000004,1.2875,0.0,0.0025,-6.0525,1,1,1,0,0,0,120,120,120,120,120,120,0,0,224,200,200,200
991.782016614,26.0625,26.0,27.0625,62.3,0.0048,0.0016,3.8928000000000003,1.2875,0.0025,0.0,-0.0025,1,1,1,0,0,0,120,120,120,120,120,120,0,0,224,200,200,200
994.78201962,26.0625,25.9375,27.0625,62.3,0.0048,0.0,3.896,1.2875,-0.005,-0.0025,0.0,1,1,1,0,0,0,120,120,120,120,120,120,0,0,225,200,200,200
997.782019919,26.0,25.875,27.0625,62.8,0.0032,0.0016,3.896,1.2875,-0.005,-0.005,0.0025,1,1,1,0,0,0,120,120,120,120,120,120,0,0,225,200,200,200
1000.782021625,26.0,25.875,27.0625,63.4,0.0048,0.0032,3.8944,1.2875,0.0,-0.005,0.0,1,1,1,0,0,0,120,120,120,120,120,120,0,0,225,200,200,200
1003.782025105,25.875,25.75,27.0,63.4,0.0032,0.0016,3.8944,1.2875,-0.0025,0.0,0.0,1,1,1,0,0,0,120,120,120,120,120,120,0,0,225,200,200,200
1006.782026453,25.875,25.75,27.0,62.3,0.0032,0.0,3.8944,1.2875,0.005,0.0,0.005,1,1,1,0,0,0,120,120,120,120,120,120,0,0,225,200,200,200
1009.782030358,25.875,25.6875,27.0,62.8,0.0032,0.0,3.8944,1.2875,0.0,0.0,0.0,1,1,1,0,0,0,120,120,120,120,120,120,0,0,225,200,200,200
1012.782031143,25.875,25.6875,27.0,62.3,0.0048,0.0,3.8928000000000003,1.2875,0.0,0.0,0.005,1,1,1,0,0,0,120,120,120,120,120,120,0,0,225,200,200,200
1015.782034332,25.875,25.6875,27.0,62.3,0.0032,0.0016,3.8944,1.2875,0.0,-0.005,0.0,1,1,1,0,0,0,120,120,120,120,120,120,0,0,225,200,200,200
1018.782036539,25.875,25.6875,27.0625,62.8,0.0048,0.0,3.8928000000000003,1.2875,0.0,0.0,0.0,1,1,1,0,0,0,120,120,120,120,120,120,0,0,225,200,200,200
1021.782040526,25.875,25.75,27.0625,63.4,0.0032,0.0016,3.8928000000000003,1.2875,-0.0025,0.0,0.0,1,1,1,0,0,0,120,120,120,120,120,120,0,0,225,200,200,200
1024.78204171,25.875,25.75,27.0625,62.3,0.0032,0.0016,3.8944,1.2875,-0.0025,0.0,0.0,1,1,1,0,0,0,120,120,120,120,120,120,0,0,225,200,200,200
1027.782044573,25.875,25.75,27.0625,61.2,0.0032,0.0016,3.8944,1.2875,-0.005,-0.0025,0.005,1,1,1,0,0,0,120,120,120,120,120,120,0,0,225,200,200,200
1030.782047707,25.9375,25.75,27.125,62.3,0.0032,0.0016,3.8928000000000003,1.2875,-0.005,-0.005,0.005,1,1,1,0,0,0,120,120,120,120,120,120,0,0,225,200,200,200
1033.782048563,25.9375,25.8125,27.0625,62.3,0.0048,0.0,3.8912,1.2875,0.0,0.0,0.0,1,1,1,0,0,0,120,120,120,120,120,120,0,0,225,200,200,200
1036.782051518,25.9375,25.8125,27.0625,62.3,0.0048,0.0016,3.8928000000000003,1.2875,0.0,-0.0025,0.0025,1,1,1,0,0,0,120,120,120,120,120,120,0,0,225,200,200,200
1039.782055013,25.9375,25.8125,27.125,62.3,0.0064,0.0032,3.8928000000000003,1.2875,0.0,0.0,0.0025,1,1,1,0,0,0,120,120,120,120,120,120,0,0,225,200,200,200
1042.782057513,25.9375,25.8125,27.125,63.4,0.0048,0.0016,3.8928000000000003,1.2875,-0.0025,0.0,0.0,1,1,1,0,0,0,120,120,120,120,120,120,0,0,225,200,200,200
1045.782057918,25.9375,25.8125,27.0625,62.3,0.0048,0.0016,3.8944,1.2875,0.0,0.0,0.005,1,1,1,0,0,0,120,120,120,120,120,120,0,0,225,200,200,200
1048.782061336,26.0,25.875,27.0625,62.3,0.0048,0.0,3.8944,1.2875,0.0,-0.0025,0.0,1,1,1,0,0,0,120,120,120,120,120,120,0,0,225,200,200,200
1051.782064699,26.0,25.875,27.0625,62.3,0.0032,0.0016,3.8912,1.2875,0.0025,-0.0025,0.0,1,1,1,0,0,0,120,120,120,120,120,120,0,0,225,200,200,200
1054.782067177,26.0,25.875,27.0625,62.8,0.0048,0.0016,3.8944,1.2875,-0.0025,0.0,0.005,1,1,1,0,0,0,120,120,120,120,120,120,0,0,226,200,200,200
1057.782067942,26.0,25.875,27.0625,63.4,0.0048,0.0032,3.8928000000000003,1.2875,0.0025,-0.0025,0.0025,1,1,1,0,0,0,120,120,120,120,120,120,0,0,226,200,200,200
1060.782069654,26.0,25.875,27.0625,62.3,0.0032,0.0016,3.8912,1.2875,0.0,-0.005,0.005,1,1,1,0,0,0,120,120,120,120,120,120,0,0,226,200,200,200
1063.782071118,26.0,25.875,27.0625,62.3,0.0048,0.0,3.8912,1.2875,-0.0025,0.0,0.0025,1,1,1,0,0,0,120,120,120,120,120,120,0,0,226,200,200,200
1066.782074059,26.0,25.875,27.0625,62.3,0.0048,0.0,3.8912,1.2875,0.0,0.0025,0.0025,1,1,1,0,0,0,120,120,120,120,120,120,0,0,226,200,200,200
1069.782075824,26.0,25.875,27.0625,62.8,0.0032,0.0032,3.8928000000000003,1.2875,-0.0025,-0.0025,0.0025,1,1,1,0,0,0,120,120,120,120,120,120,0,0,226,200,200,200
1072.78207626,26.0,25.875,27.0,63.4,0.0048,0.0016,3.8912,1.2875,0.0,-0.0025,0.0,1,1,1,0,0,0,120,120,120,120,120,120,0,0,226,200,200,200
1075.782079017,26.0,25.875,27.0,62.8,0.0032,0.0,3.8928000000000003,1.2875,-0.0025,0.0,0.0,1,1,1,0,0,0,120,120,120,120,120,120,0,0,226,200,200,200
1078.782080246,26.0,25.875,27.0,62.8,0.0048,0.0032,3.8912,1.2875,0.0,-0.0025,0.0025,1,1,1,0,0,0,120,120,120,120,120,120,0,0,226,200,200,200
1081.782080366,26.0,25.875,27.0,63.4,0.0032,0.0,3.8928000000000003,1.2875,-0.0025,0.0,0.0,1,1,1,0,0,0,120,120,120,120,120,120,0,0,226,200,200,200
1084.782081205,26.0,25.875,27.0,63.4,0.0048,0.0,3.8912,1.2875,0.0,-0.0025,-0.0025,1,1,1,0,0,0,120,120,120,120,120,120,0,0,226,200,200,200
1087.78208214,26.0,25.8125,26.9375,63.4,0.0048,0.0032,3.8912,1.2875,0.0,-0.0025,0.0025,1,1,1,0,0,0,120,120,120,120,120,120,0,0,226,200,200,200
1090.782085469,25.9375,25.8125,27.0,63.4,0.0064,0.0,3.8912,1.2875,0.0025,0.0025,0.0025,1,1,1,0,0,0,120,120,120,120,120,120,0,0,226,200,200,200
1093.782088068,25.9375,25.8125,27.0,63.4,0.0064,0.0032,3.8912,1.2875,0.0025,-0.005,0.005,1,1,1,0,0,0,120,120,120,120,120,120,0,0,226,200,200,200
1096.782090671,25.9375,25.8125,27.0,63.4,0.0064,0.0032,3.8928000000000003,1.2875,-0.0025,0.0,0.0025,1,1,1,0,0,0,120,120,120,120,120,120,0,0,226,200,200,200
1099.78209422,25.9375,25.8125,27.0,62.3,0.0048,0.0016,3.8928000000000003,1.2875,0.0,-0.0025,0.0,1,1,1,0,0,0,120,120,120,120,120,120,0,0,226,200,200,200
1102.782095436,25.9375,25.75,27.0,62.8,0.0048,0.0016,3.8928000000000003,1.2875,0.0,-0.0025,0.005,1,1,1,0,0,0,120,120,120,120,120,120,0,0,226,200,200,200
1105.782099583,25.9375,25.75,27.0,62.8,0.0064,0.0,3.8896,1.2875,0.0025,-0.005,0.0025,1,1,1,0,0,0,120,120,120,120,120,120,0,0,226,200,200,200
1108.782102915,25.9375,25.8125,27.0,63.4,0.0048,0.0016,3.8912,1.2875,0.0,0.0025,0.0025,1,1,1,0,0,0,120,120,120,120,120,120,0,0,226,200,200,200
1111.782104185,25.9375,25.75,27.0,62.3,0.0032,0.0032,3.8912,1.2875,-0.0025,0.0,0.0,1,1,1,0,0,0,120,120,120,120,120,120,0,0,226,200,200,200
1114.782105481,25.9375,25.8125,27.0625,62.3,0.0048,0.0016,3.8928000000000003,1.2875,0.0025,-0.0025,0.0025,1,1,1,0,0,0,120,120,120,120,120,120,0,0,227,200,200,200
1117.78210571,25.9375,25.8125,27.0625,62.8,0.0016,0.0016,3.8912,1.2875,0.0025,-0.005,0.0,1,1,1,0,0,0,120,120,120,120,120,120,0,0,227,200,200,200
1120.782105972,25.9375,25.8125,27.0625,63.4,0.0048,0.0016,3.8896,1.2875,0.0025,-0.0025,0.005,1,1,1,0,0,0,120,120,120,120,120,120,0,0,227,200,200,200
1123.782110175,25.9375,25.8125,27.0625,63.4,0.0,0.0016,3.8944,1.2875,0.005,-0.005,-0.0025,1,1,1,0,0,0,120,120,120,120,120,120,0,0,227,200,200,200
1126.782114155,25.875,25.8125,27.0625,62.8,0.0016,0.0016,3.8928000000000003,1.2875,0.0025,-0.0025,0.005,1,1,1,0,0,0,120,120,120,120,120,120,0,0,227,200,200,200
1129.782116354,25.875,25.8125,27.0625,62.8,0.0032,0.0,3.8912,1.2875,0.0025,0.0,0.0,1,1,1,0,0,0,120,120,120,120,120,120,0,0,227,200,200,200
1132.78211964,25.875,25.8125,27.0625,63.4,0.0032,0.0016,3.8912,1.2875,-0.0025,0.0,0.005,1,1,1,0,0,0,120,120,120,120,120,120,0,0,227,200,200,200
1135.782124691,25.875,25.75,27.0625,62.8,0.0016,0.0,3.8912,1.2875,-0.0025,-0.0025,0.0,1,1,1,0,0,0,120,120,120,120,120,120,0,0,227,200,200,200
1138.78212646,25.875,25.8125,27.0625,62.8,0.0048,0.0,3.8912,1.2875,0.0025,0.0025,0.005,1,1,1,0,0,0,120,120,120,120,120,120,0,0,227,200,200,200
1141.782130523,25.875,25.8125,27.0625,62.3,0.0048,0.0016,3.8912,1.2875,0.0025,-0.0025,0.0,1,1,1,0,0,0,120,120,120,120,120,120,0,0,227,200,200,200
1144.782134069,25.875,25.8125,27.125,62.3,0.0032,0.0016,3.8896,1.2875,0.0,0.0025,0.0,1,1,1,0,0,0,120,120,120,120,120,120,0,0,227,200,200,200
1147.782137415,25.875,25.75,27.125,62.8,0.0032,0.0,3.8912,1.2875,0.0,-0.0025,0.0,1,1,1,0,0,0,120,120,120,120,120,120,0,0,227,200,200,200
1150.782138324,25.875,25.75,27.125,62.3,0.0048,0.0016,3.8912,1.2875,0.0025,0.0,0.0,1,1,1,0,0,0,120,120,120,120,120,120,0,0,227,200,200,200
1153.782142163,25.875,25.75,27.125,63.4,0.0032,0.0016,3.8928000000000003,1.2875,-0.0025,-0.0025,0.005,1,1,1,0,0,0,120,120,120,120,120,120,0,0,227,200,200,200
1156.782145289,25.875,25.75,27.125,62.8,0.0048,0.0,3.8912,1.2875,0.0025,-0.005,0.0025,1,1,1,0,0,0,120,120,120,120,120,120,0,0,227,200,200,200
1159.782145883,25.875,25.75,27.125,62.3,0.0032,0.0016,3.8912,1.2875,0.005,-0.0025,0.0025,1,1,1,0,0,0,120,120,120,120,120,120,0,0,227,200,200,200
1162.782148738,25.875,25.75,27.125,62.3,0.0032,0.0016,3.8912,1.2875,0.0025,0.0025,0.0025,1,1,1,0,0,0,120,120,120,120,120,120,0,0,227,200,200,200
1165.782149795,25.875,25.75,27.125,62.3,0.0048,0.0016,3.8912,1.2875,0.0025,-0.0025,-0.0025,1,1,1,0,0,0,120,120,120,120,120,120,0,0,227,200,200,200
1168.782150047,25.875,25.75,27.125,62.3,0.0064,0.0016,3.8912,1.2875,-0.0025,-0.0025,-0.0025,1,1,1,0,0,0,120,120,120,120,120,120,0,0,227,200,200,200
1171.782153975,25.9375,25.75,27.125,62.3,0.0032,0.0016,3.8912,1.2875,0.0,0.0,0.0025,1,1,1,0,0,0,120,120,120,120,120,120,0,0,227,200,200,200
1174.782172311,25.9375,25.8125,27.125,62.8,0.0032,0.0,3.8896,1.2875,0.0,-0.0025,0.0,1,1,1,0,0,0,120,120,120,120,120,120,0,0,228,200,200,200
1177.782175058,25.9375,25.8125,27.125,62.8,0.0048,0.0,3.8896,1.2875,-0.0025,-0.0025,0.0025,1,1,1,0,0,0,120,120,120,120,120,120,0,0,228,200,200,200
1180.782178365,25.9375,25.8125,27.125,62.3,0.0048,0.0016,3.8912,1.2875,0.0025,-0.0025,-0.0025,1,1,1,0,0,0,120,120,120,120,120,120,0,0,228,200,200,200
1183.782179837,25.9375,25.8125,27.125,63.4,0.0048,0.0,3.8912,1.2875,0.0025,0.0,0.0,1,1,1,0,0,0,120,120,120,120,120,120,0,0,228,200,200,200
1186.782183227,25.9375,25.8125,27.125,62.3,0.0048,0.0016,3.8896,1.2875,-0.0025,-0.0025,0.0025,1,1,1,0,0,0,120,120,120,120,120,120,0,0,228,200,200,200
1189.78218557,25.9375,25.8125,27.0625,62.8,0.0048,0.0016,3.8912,1.2875,-0.0025,0.0025,0.0,1,1,1,0,0,0,120,120,120,120,120,120,0,0,228,200,200,200
1192.782189368,25.9375,25.8125,27.125,62.3,0.0032,0.0,3.888,1.2875,0.0,-0.0025,0.0025,1,1,1,0,0,0,120,120,120,120,120,120,0,0,228,200,200,200
1195.782189987,25.9375,25.8125,27.125,63.4,0.0032,0.0016,3.8896,1.2875,-0.0025,0.0,0.0,1,1,1,0,0,0,120,120,120,120,120,120,0,0,228,200,200,200
1198.782192692,25.9375,25.8125,27.0625,63.9,0.0032,0.0,3.8912,1.2875,0.0025,0.0,0.0,1,1,1,0,0,0,120,120,120,120,120,120,0,0,228,200,200,200
1201.782193264,25.9375,25.8125,27.125,62.8,0.0048,0.0,3.888,1.2875,0.0025,-0.0025,0.0,1,1,1,0,0,0,120,120,120,120,120,120,0,0,228,200,200,200
1204.782196395,25.9375,25.875,27.125,62.3,0.0032,0.0,3.8896,1.2875,-0.0025,-0.005,0.0,1,1,1,0,0,0,120,120,120,120,120,120,0,0,228,200,200,200
1207.782199639,25.9375,25.875,27.125,62.8,0.0016,0.0032,3.8896,1.2875,-0.0025,-0.0025,0.0025,1,1,1,0,0,0,120,120,120,120,120,120,0,0,228,200,200,200
1210.782202789,25.9375,25.875,27.1875,62.3,0.0032,0.0,3.8912,1.2875,-0.0025,-0.005,0.0,1,1,1,0,0,0,120,120,120,120,120,120,0,0,228,200,200,200
1213.782203036,25.9375,25.9375,27.1875,62.8,0.0016,0.0,3.8896,1.2875,0.0,0.0,0.005,1,1,1,0,0,0,120,120,120,120,120,120,0,0,228,200,200,200
1216.782204652,26.0,25.9375,27.25,62.8,0.0,0.0,3.8912,1.2875,0.0,-0.005,0.005,1,1,1,0,0,0,120,120,120,120,120,120,0,0,228,200,200,200
1219.782205089,26.0,25.9375,27.25,62.3,0.0,0.0,3.8912,1.2875,0.0,-0.0025,0.005,1,1,1,0,0,0,120,120,120,120,120,120,0,0,228,200,200,200
1222.78220893,26.0,25.9375,27.25,62.8,0.0016,0.0,3.8912,1.2875,0.0,0.0025,0.0,1,1,1,0,0,0,120,120,120,120,120,120,0,0,228,200,200,200
1225.782209304,26.0,25.9375,27.25,62.8,0.0032,0.0016,3.8912,1.2875,-0.005,0.0,0.0,1,1,1,0,0,0,120,120,120,120,120,120,0,0,228,200,200,200
1228.782210484,25.9375,25.9375,27.25,62.3,0.0016,0.0016,3.8896,1.2875,0.0,-0.0025,0.0025,1,1,1,0,0,0,120,120,120,120,120,120,0,0,228,200,200,200
1231.782210649,25.9375,25.875,27.25,63.4,0.0016,0.0016,3.8912,1.2875,0.0,0.0,0.0,1,1,1,0,0,0,120,120,120,120,120,120,0,0,228,200,200,200
1234.7822148,25.875,25.875,27.25,63.4,0.0032,0.0016,3.8896,1.2875,0.0025,-0.0025,0.0,1,1,1,0,0,0,120,120,120,120,120,120,0,0,229,200,200,200
1237.782218826,25.875,25.875,27.1875,62.8,0.0032,0.0032,3.8896,1.2875,0.0,-0.0025,0.0025,1,1,1,0,0,0,120,120,120,120,120,120,0,0,229,200,200,200
1240.782222884,25.875,25.8125,27.25,62.8,0.0016,0.0016,3.8896,1.2875,0.0,0.0,0.0025,1,1,1,0,0,0,120,120,120,120,120,120,0,0,229,200,200,200
1243.782226874,25.875,25.8125,27.25,62.8,0.0032,0.0016,3.8896,1.2875,0.0,-0.0025,0.005,1,1,1,0,0,0,120,120,120,120,120,120,0,0,229,200,200,200
1246.782227618,25.875,25.8125,27.25,63.4,0.0032,0.0016,3.888,1.2875,0.0,-0.0025,0.0025,1,1,1,0,0,0,120,120,120,120,120,120,0,0,229,200,200,200
1249.782231683,25.875,25.8125,27.25,63.4,0.0016,0.0016,3.8896,1.2875,0.0025,-0.0075,0.005,1,1,1,0,0,0,120,120,120,120,120,120,0,0,229,200,200,200
1252.78223381,25.875,25.8125,27.25,62.8,0.0032,0.0,3.8896,1.2875,0.0025,-0.0025,0.0025,1,1,1,0,0,0,120,120,120,120,120,120,0,0,229,200,200,200
