Time (s),Voltage (V),Current (A)
0.2500007859998732,5.0469,0.252687
0.8811433559999386,5.0468,0.251592
1.540390016999936,5.0468,0.345097
2.185342037000055,5.0467,0.318601
2.8248178249998546,5.0468,0.318352
3.4726762769998913,5.0471,0.331354
4.11303520499996,5.0471,0.384645
4.939633064999953,5.0469,0.316316
5.5649877349999315,5.0471,0.308519
6.224832273999937,5.0471,0.357913
6.869845587999862,5.0469,0.372706
7.510063011000057,5.0469,0.375422
8.155818785000065,5.0467,0.480177
8.795399815999872,5.0468,0.494443
9.473952473000054,5.0469,"0.50692
"
10.100001799999973,5.0469,0.484846
10.760759902000018,5.0471,0.486922
11.405293720999907,5.0472,"0.49393
"
12.054520496999885,5.0471,0.436968
12.70065106800007,5.0469,"0.4816
"
13.338608869999916,5.0470,0.471449
13.985556535999876,5.0472,0.510147
14.662259066999923,5.0470,0.452065
15.314984979999963,5.0470,0.513448
15.959684633000052,5.0468,0.366114
16.606016153999917,5.0469,0.382613
17.251236228999915,5.0468,0.480235
17.89543782099986,5.0467,0.468648
18.54001874200003,5.0472,0.525229
19.180268944999852,5.0470,0.515259
19.85402709599998,5.0470,0.464604
20.505025857999954,5.0469,0.463109
21.14462679799999,5.0469,0.429953
21.80936890399994,5.0470,0.573187
22.433233902999973,5.0470,0.436964
23.09453484300002,5.0470,0.470424
23.740548926999963,"5.047
",0.526676
24.37454871099999,5.0471,0.498365
25.023321931000055,5.0469,0.426894
25.659625991999974,5.0469,0.423588
26.33526069000004,5.0472,0.540418
26.959415646000025,5.0471,0.498392
27.635447683999928,5.0470,0.593318
28.260279630000014,5.0468,0.676251
28.929730396999958,5.0468,0.530972
29.554843481000034,5.0466,0.536112
30.225034365000056,5.0468,0.588629
30.869015384000022,5.0471,0.495315
31.50959894499988,5.0472,"0.50637
"
32.154342477,5.0471,0.491394
32.80062406899992,5.0470,0.375842
33.44456943599994,5.0469,"0.42645
"
34.08812811600001,5.0468,0.400351
34.73432801700005,5.0470,0.375787
35.377521828,5.0470,"0.40382
"
36.02312029099994,5.0469,0.382325
36.66942085300002,5.0470,"0.375
"
37.31173763499987,5.0468,0.374856
37.964141294,5.0469,0.375242
38.609617224999965,5.0469,0.468739
39.253769358,5.0469,"0.39366
"
39.897271929,5.0471,0.393404
40.54824093100001,5.0471,0.469594
41.21748926300006,5.0468,0.479818
41.867927190000046,5.0466,0.460854
42.50467191500002,5.0468,0.478555
43.14987789299994,5.0469,0.547359
43.78902507499993,5.0469,0.451479
44.4351636209999,5.0471,0.327856
45.07968512899993,5.0468,0.466553
45.72711458599997,5.0463,0.531905
46.36328847100003,5.0468,0.462626
47.00914921999993,5.0474,0.457098
47.653833517000066,5.0470,0.636318
48.29939940100007,5.0468,"0.512
"
48.94148042400002,5.0469,0.504929
49.588909893999926,5.0469,0.499218
50.2388300099999,5.0470,0.467887
50.90917331900005,5.0469,0.515934
51.534769261000065,5.0468,0.530487
52.203493912999875,5.0470,0.380613
52.82912718500006,5.0469,0.550406
53.48934660400005,5.0469,0.499835
54.13457564500004,5.0469,0.468083
54.78422445299998,5.0467,0.494166
55.42879470899993,5.0470,0.417001
56.075096367000015,5.0471,0.329018
56.7193123269999,5.0470,0.396939
57.368375934999904,5.0469,0.339033
58.01450262000003,5.0468,0.454828
58.67093972899988,5.0468,0.477914
59.318613429999914,5.0470,0.467563
59.95890584699987,5.0471,0.401094
60.603451309999855,5.0473,0.490417
61.24845798000001,5.0470,0.380492
61.893529227000045,5.0467,0.478366
62.53928726100003,5.0465,0.458644
63.20302564999997,5.0468,0.560551
63.855868633,5.0470,0.585842
64.49410239999997,5.0470,0.471742
65.15758024000002,5.0472,0.380974
65.80190262199994,5.0472,0.408314
66.44298427299987,5.0468,0.552488
67.11307047800005,5.0468,0.401369
67.75928503699993,5.0468,0.381781
68.39797976999989,5.0469,0.331905
69.04301896800007,"5.047
",0.477069
69.68941820099985,5.0469,0.560061
70.3339338809999,5.0473,"0.45795
"
70.97778682399985,5.0473,0.464512
71.6237583699999,5.0468,0.484236
72.26846065199993,5.0469,0.655146
72.93865055099991,5.0467,0.652452
73.57444899699999,5.0467,0.724775
74.2232367019999,5.0467,0.653828
74.87193376999994,5.0468,0.743318
75.50860212099997,5.0471,0.656672
76.18344635599988,5.0468,0.642738
76.80898090599999,5.0466,"0.7312
"
77.46801103600001,5.0467,0.655202
78.11716314199998,5.0469,0.724649
78.76315446299986,5.0471,0.642218
79.40802538100002,5.0471,0.660424
80.0529238449999,5.0467,0.671366
80.69841018500006,5.0468,0.659209
81.33825925999986,5.0468,0.655507
82.00272331899987,5.0469,0.660052
82.64852787999985,5.0470,0.641315
83.29812094199997,5.0469,"0.64112
"
83.94266560799997,5.0468,0.646767
84.58873177400005,5.0468,0.737078
85.24163992199988,5.0468,0.653316
85.87952852800004,5.0469,0.722071
86.52328835499998,5.0471,0.660994
87.16352160899987,5.0471,0.660728
87.83402304099991,5.0468,"0.66896
"
88.45891663599991,5.0469,0.657045
89.12849240299988,5.0467,0.744242
89.753148947,5.0469,0.644949
90.42508753699985,5.0471,0.640903
91.07403019399999,5.0468,0.752016
91.71818253800006,5.0468,"0.66095
"
92.38732274099993,5.0466,0.657931
93.02544561499985,5.0467,0.661021
93.68007592599997,5.0471,0.661559
94.32688057099995,5.0469,0.659119
94.96712880699988,5.0466,0.646275
95.61311065399991,5.0466,0.764362
96.25810376799996,5.0467,0.655505
96.92907664099994,5.0467,0.697665
97.55328404299985,5.0469,0.643385
98.21284248899997,5.0470,0.661009
98.85853382899995,5.0467,0.747276
99.50290986300001,5.0466,0.661633
100.14915772199993,5.0468,0.661154
100.794934152,5.0468,0.662745
101.44139882800005,5.0469,0.642536
102.08758020899995,5.0470,"0.71713
"
102.73186131600005,5.0466,0.649769
103.38168582100002,5.0467,0.742561
104.02663235499995,5.0467,0.654185
104.669032345,5.0471,0.647313
105.33853145399985,5.0472,"0.70007
"
105.96185750899986,5.0469,0.662282
106.63368271900003,5.0468,"0.75151
"
107.25620030300001,5.0468,0.658359
107.93256210000004,5.0469,0.661711
108.55798471000003,5.0471,0.644529
109.22762863399998,5.0471,0.641591
109.85222016500006,5.0469,0.731071
110.52217231500003,5.0468,0.662965
111.149288135,5.0468,0.739678
111.80633351899996,5.0469,0.666193
112.45310931099993,5.0470,0.663635
113.09706818799987,5.0469,0.694396
113.74315410300005,5.0469,0.648402
114.38826248400005,5.0469,0.742681
115.05325303699988,5.0468,0.656353
115.69777154400003,5.0470,0.649695
116.34917859400002,5.0470,0.643796
117.01732406999986,5.0470,0.664279
117.64315245400007,5.0469,0.746086
118.30720602399992,5.0467,0.662533
118.95289745800005,5.0467,0.708046
119.59245015600004,5.0468,0.662947
120.25856096200005,5.0467,0.643923
120.88207304999992,5.0466,0.766453
121.54597502599995,5.0466,0.651646
122.19044374200007,5.0466,0.659953
122.842215592,5.0467,"0.65546
"
123.48580906200004,5.0470,0.647973
124.12628316099995,5.0471,0.750678
124.797013913,5.0470,0.665298
125.42249118599989,5.0469,0.656313
126.09177662399998,5.0466,0.660444
126.72052388199995,5.0468,0.662066
127.39236287799986,5.0471,0.725584
128.01660196700004,5.0469,0.644351
128.68712122400007,5.0468,"0.74205
"
129.31058200000007,5.0467,0.662976
129.98169105600005,5.0465,0.660228
130.60833520000006,5.0468,0.701811
131.26727736299995,5.0470,0.663296
131.912034553,5.0469,0.756591
132.55254728499995,5.0469,0.651531
133.19698034299995,5.0468,0.681417
133.84233243199992,5.0467,0.657031
134.51800805099992,5.0469,0.649631
135.14153982799985,5.0469,0.722285
135.810440385,5.0466,0.664552
136.43707589299993,5.0468,0.665853
137.11389694399986,5.0467,0.662366
137.74251406500002,5.0467,0.665792
138.40208072299993,5.0469,0.716829
139.04701963699995,5.0469,0.612104
139.69172468400006,5.0469,0.649525
140.33650259499996,5.0466,0.656363
140.98233912599994,5.0465,"0.66096
"
141.62595662600006,5.0466,0.656305
142.2722667569999,5.0470,0.647635
142.93668868500004,5.0470,"0.73849
"
143.561066364,5.0467,0.666671
144.22191692599995,5.0466,"0.65895
"
144.86445546200002,5.0468,0.663149
145.50726166000004,5.0469,0.666934
146.17634292699995,5.0469,0.750573
146.80222734699987,5.0469,0.646781
147.47418884800004,5.0464,0.665714
148.12114025799997,5.0466,0.664166
148.76693537699998,5.0469,0.658937
149.43147762700005,5.0470,0.753745
150.07614765099993,5.0469,0.665146
150.72154295199994,5.0467,0.750052
151.368381732,5.0467,0.654542
152.00557463899986,5.0467,0.660868
152.65142566999998,5.0469,0.736767
153.29713674599998,5.0468,0.649423
153.9410496359999,5.0469,0.748095
154.58659429,5.0469,"0.66681
"
155.23022534100005,5.0467,0.665308
155.87617489399986,5.0468,0.662635
156.54598876299997,5.0469,0.664166
157.17191931399998,5.0469,0.770671
157.84665629200003,5.0470,0.666163
158.47152680099998,5.0468,0.714562
159.13652831900004,5.0466,0.659104
159.76133595199985,5.0468,"0.66119
"
160.43043018899994,5.0471,"0.72823
"
161.0548931169999,5.0468,0.648225
161.72563432099992,5.0467,0.758204
162.35592971000005,5.0465,0.667919
163.022441975,5.0464,0.662457
163.66687028299998,5.0465,0.718947
164.31584409099992,5.0468,0.618356
164.960521512,"5.047
",0.727319
165.60149871399994,5.0469,0.648677
166.26629267599992,5.0467,0.685965
166.91065293899987,5.0467,0.664984
167.55569910600002,5.0466,0.659294
168.23616029999994,5.0469,0.753082
168.86248140999987,"5.047
",0.667329
169.53731909099997,5.0468,0.696064
170.16102412600003,5.0466,0.658957
170.82632385199986,5.0465,0.665204
171.46950352999988,5.0465,0.758679
172.115428652,5.0469,0.649809
172.7629729319999,5.0469,"0.7262
"
173.408909452,5.0468,0.668849
174.08615925799995,5.0464,0.666371
174.71098528699986,5.0465,0.757634
175.375806689,5.0468,0.665593
176.00136741899996,5.0469,0.667703
176.67125802700002,5.0470,0.648778
177.29580064699985,5.0468,0.654733
177.95793101100003,5.0467,0.661909
178.6131341319999,5.0467,0.661659
179.24544775599998,5.0467,"0.73824
"
179.88951818700002,5.0468,"0.66737
"
180.53509954700007,5.0467,0.667132
181.20569467899986,5.0467,0.669502
181.83102052200002,5.0466,0.664028
182.50123802899998,5.0466,0.757652
183.12602332899996,5.0471,0.666846
183.79745273899994,5.0470,0.658736
184.42041370499987,5.0468,0.624671
185.08610512099995,5.0465,0.657515
185.70919478099995,5.0464,0.748585
186.38624913600006,5.0467,0.659151
187.01069221400007,5.0467,0.783673
187.68044597599987,5.0466,0.667816
188.30593579800006,5.0467,0.668055
188.97570658299992,5.0466,0.734416
189.60041366399992,5.0466,0.667089
190.26014481800007,5.0466,0.734656
190.90594455699988,5.0466,0.649035
191.54539321599987,5.0469,0.648564
192.19100836000007,"5.047
",0.671502
192.83418858200002,5.0465,0.667577
193.47848487600004,5.0464,0.745964
194.12598980400003,5.0465,0.668043
194.79843563300005,5.0466,0.668372
195.42353003699986,5.0468,0.667119
196.09551334499997,5.0468,0.655916
196.72002001400006,5.0466,"0.74358
"
197.3895743359999,5.0466,0.659317
198.0285939339999,5.0468,0.728974
198.688020651,5.0469,"0.66858
"
199.33913914699997,5.0468,0.667994
199.98489034099998,5.0467,"0.67533
"
200.6543981299999,5.0466,0.664216
201.2802779409999,5.0468,0.670422
201.9495968619999,5.0467,0.667394
202.57473508099997,5.0467,0.648437
203.2356990579999,5.0468,0.652699
203.88036009200005,5.0465,0.668447
204.52486976599994,5.0465,0.742805
205.16990575399996,5.0465,0.659053
205.81526221600006,5.0467,0.755603
206.45967265700006,5.0468,"0.66941
"
207.10405486399986,5.0468,0.669467
207.75037696899994,5.0466,0.754357
208.39466604099994,5.0467,0.667223
209.038231129,5.0467,0.676114
209.69138290699993,5.0468,0.649654
210.33478131699985,5.0468,0.649669
210.97936705000006,5.0467,0.760226
211.62582944999986,5.0468,0.666832
212.26520267699993,5.0467,0.766193
212.91002824899988,5.0467,0.668345
213.55928822300007,5.0468,"0.66992
"
214.2034356439999,5.0468,0.669326
214.85269451599993,5.0465,0.659419
215.52979905999996,5.0463,0.755953
216.1541617129999,5.0467,0.660878
216.823747014,5.0469,0.653635
217.45044092800003,5.0468,0.649162
218.1251861159999,5.0469,0.669889
218.749354478,5.0468,0.757415
219.425945964,5.0465,0.666465
220.05169973199986,5.0466,0.670248
220.71030046500005,5.0469,0.669189
221.35484134900003,5.0468,0.648964
221.99930910199987,5.0468,"0.73629
"
222.642387955,5.0467,0.662241
223.28552363099993,5.0466,0.748523
223.93003559399995,5.0466,0.657999
224.56983230800006,5.0469,0.659985
225.21543174599992,5.0468,0.680336
225.85457234,5.0466,0.669727
226.49896532699995,5.0465,"0.75897
"
227.14314960799993,5.0467,0.668196
227.78945530099986,5.0467,0.777304
228.43463491700004,5.0468,0.670437
229.07863173300007,5.0469,0.651559
229.7187521809999,5.0468,0.736368
230.36441825899988,5.0467,0.668359
231.00961968499996,5.0467,0.746466
231.65474943799995,5.0469,0.655925
232.29324513799997,5.0469,0.680343
232.93773038599988,5.0467,0.692266
233.58827487400004,5.0467,0.671487
234.2353064419999,5.0466,0.673077
234.885421275,5.0465,0.670223
235.52945878800006,5.0468,0.669096
236.17397022,5.0468,"0.64916
"
236.84129373099995,5.0466,0.654635
237.47246168599986,5.0465,0.747876
238.13476712600004,5.0467,0.666059
238.7788838439999,5.0467,0.750296
239.42396907800003,5.0468,"0.67028
"
240.06822173199998,5.0470,0.671158
240.70972476899988,5.0469,0.685701
241.37439682499985,5.0467,0.664582
241.9983775139999,5.0465,0.668932
242.6617404609999,5.0465,0.656315
243.46460227900002,5.0468,0.669296
244.089914248,5.0467,0.766057
244.75807769099993,5.0467,0.660667
245.38731252999992,5.0466,0.690642
246.05835355199997,5.0464,0.670182
246.68439839500002,5.0466,0.653424
247.34389136100003,5.0468,0.727179
247.999734215,5.0467,0.669839
248.63443034600004,5.0468,0.755914
249.2776143819999,5.0467,0.669218
249.91722356900004,5.0468,"0.67032
"
250.58662472800006,5.0468,0.698418
251.214438405,5.0466,0.671707
251.874458967,5.0467,0.740396
252.51839056199992,5.0466,0.664965
253.1636953719999,5.0466,0.666373
253.82928843299987,5.0468,0.659275
254.47325012400006,5.0468,0.651881
255.11326664299986,5.0468,0.764018
255.78400875400007,5.0465,0.672173
256.4091869639999,5.0465,0.770242
257.07870283400007,5.0467,0.669541
257.70507560400006,5.0466,0.672527
258.37674142900005,5.0467,0.752008
259.00350597600004,5.0469,0.653316
259.6632273779999,5.0465,0.748842
260.30930717699994,5.0465,0.668876
260.9585436289999,5.0467,0.663575
261.6036913109999,5.0469,0.781576
262.25387090999993,5.0468,0.670268
262.89771339000004,5.0467,"0.76074
"
264.54936610799996,5.0467,0.669008
265.193036439,5.0466,"0.66171
"
265.83704474499996,5.0467,0.651922
266.489374127,5.0467,0.671956
267.158141335,5.0467,0.761865
267.78192091100004,5.0465,"0.66974
"
268.44128663800007,5.0465,0.670743
269.08916155399993,5.0465,0.670515
269.733791267,5.0465,0.670795
270.378041853,5.0466,0.741833
271.02372877900007,5.0465,0.661299
271.66860802299993,5.0466,0.753212
272.313133869,5.0468,0.661949
272.95870729299986,5.0468,0.748022
273.6039689879999,5.0466,0.695865
274.2700874919999,5.0468,0.670901
274.89849508999987,5.0466,0.760509
275.56826077799997,5.0465,0.669013
276.19254111600003,5.0467,0.794403
276.86867286999995,5.0468,0.651854
277.50440577799986,5.0468,0.652885
278.153567047,5.0467,0.748567
278.79818271,5.0466,0.669955
279.4473907459999,5.0466,0.666305
280.0932367529999,5.0468,0.658776
280.732702881,5.0470,0.673376
281.3789747809999,5.0467,0.686076
282.02288124300003,5.0465,0.660295
282.698126904,5.0467,0.668242
283.32256461299994,5.0465,0.671239
283.988852922,5.0469,0.656351
284.61773179700003,5.0469,0.653078
285.2734533329999,5.0466,"0.65303
"
285.916691269,5.0467,0.748557
286.56258672900003,5.0465,0.671287
287.23344338800007,5.0465,0.670599
287.857475024,5.0467,0.672964
288.52342090799993,5.0465,0.672239
289.1476465559999,5.0466,0.764942
289.8173980659999,5.0467,0.662735
290.44198944899995,5.0466,0.712514
291.1028320989999,5.0464,0.662335
291.74754693,5.0465,0.654507
292.3880470009999,5.0467,0.761873
293.0530808599999,5.0467,0.670366
293.69814116199996,5.0464,0.692467
294.342034605,5.0464,0.671184
294.9903036420001,5.0465,0.671387
295.63287276999995,5.0468,0.670547
296.29787989600004,5.0469,0.652808
296.92274829200005,5.0466,0.742166
297.58448312899986,5.0464,0.670618
298.23232334,5.0464,"0.6657
"
298.876035196,5.0468,"0.65889
"
299.542607094,5.0468,0.671938
300.194451736,5.0467,0.766663
300.83246873100006,5.0464,0.662556
301.4972823410001,5.0463,0.668922
302.123859778,5.0462,0.673003
302.78522593799994,5.0465,0.655489
303.433105138,5.0468,0.739508
304.0827876189999,5.0466,0.672324
304.726741855,5.0466,0.787992
305.377994533,5.0465,0.670107
306.0426102019999,5.0466,0.673162
306.66742814300005,5.0469,0.722754
307.3421013929999,5.0467,"0.67142
"
307.96847958299986,5.0466,0.746415
308.6327051779999,5.0465,0.665002
309.25761832199987,5.0467,0.714997
309.92714568099996,5.0467,0.660532
310.5537916829999,5.0469,0.653752
311.220974543,5.0467,0.742482
311.846010856,5.0466,0.674233
312.52190083899995,5.0465,0.763433
313.1468951689999,5.0465,0.672912
313.80718437899986,5.0466,0.672871
314.45209938900007,5.0467,0.765786
315.09186976699993,5.0468,0.653893
315.74175241700004,5.0466,0.752197
316.381650346,5.0465,0.669552
317.027361359,5.0466,0.665266
317.6712871089999,5.0467,0.657808
318.33837707399994,5.0469,0.672946
318.9618396189999,5.0469,0.758437
319.63292104900006,5.0466,0.673203
320.25714835200006,5.0466,"0.66976
"
320.932294166,5.0466,0.671391
321.557307476,5.0468,0.654807
322.22596804599993,5.0469,0.759736
322.852901511,5.0468,0.656303
323.52623580399995,5.0466,0.672938
324.1529371239999,5.0464,0.666153
324.82668991399987,5.0465,0.672852
325.450180198,5.0465,0.764744
326.1331518459999,5.0465,0.673526
326.757077085,5.0465,0.755284
327.42231727500007,5.0465,0.664616
328.0469555519999,5.0465,0.671399
328.73549912299995,5.0467,0.746706
329.36232381399986,5.0467,0.653403
330.026116087,5.0466,0.786593
330.65219564699987,5.0465,0.673827
331.3353041549999,5.0464,0.672634
331.962179463,5.0463,0.721636
332.62190103500006,5.0466,0.671859
333.2669170229999,5.0468,0.732358
333.908647339,5.0466,0.655092
334.58176288799996,5.0465,0.720524
335.207433411,5.0464,"0.67107
"
335.87133160400003,5.0468,0.665173
336.500715355,5.0469,0.758147
337.17049892299997,5.0467,0.672852
337.79687883199995,5.0466,0.777402
338.4563514199999,5.0468,0.666261
339.102697217,5.0468,0.670405
339.74682633299994,5.0465,"0.74736
"
340.39038996299996,5.0468,"0.6543
"
341.039692714,5.0468,0.736292
341.6921595659999,5.0466,0.675318
342.3308245569999,5.0465,0.671474
342.97544482299986,5.0463,0.668382
343.62047853600006,5.0465,0.675535
344.291290547,5.0465,0.672277
344.914696909,5.0467,"0.6744
"
345.584011163,5.0465,0.661748
346.21170176099986,5.0464,0.667107
346.87876193500006,5.0466,0.673035
347.506172416,5.0467,0.731975
348.16662864499995,5.0468,0.654969
348.8109426839999,5.0466,0.674002
349.4507325289999,5.0467,0.674906
350.096378791,5.0465,0.672008
350.7364104599999,5.0464,0.796324
351.38098876999993,5.0466,0.674471
352.0340518549999,5.0467,0.771379
352.681159192,5.0468,0.657336
353.32122543900005,5.0463,0.666102
353.9853327430001,5.0463,0.671696
354.61141279899994,5.0465,0.662984
355.2794343799999,5.0466,0.735186
355.90629096399994,5.0465,0.674758
356.5659979249999,5.0464,"0.67439
"
357.21304055899986,5.0467,0.673988
357.8504754119999,5.0466,0.672553
358.52097241799993,5.0464,0.792613
359.14688339300005,5.0467,0.655393
359.82141853200005,5.0468,0.711851
360.447731598,5.0466,0.660607
361.125980174,5.0466,0.672342
361.75077475399985,5.0464,0.756457
362.41842932200007,5.0465,0.674308
363.0665584789999,5.0468,0.673569
363.71590751300005,5.0466,0.675078
364.36079870899994,5.0465,0.664815
365.00170926600003,5.0465,0.747127
365.64721219299986,5.0466,0.673937
366.2905954749999,5.0466,0.736127
366.9351633189999,5.0467,0.655178
367.584939073,5.0466,0.674432
368.2513743679999,5.0465,0.685576
368.87548015699986,5.0466,0.671838
369.55040043300005,5.0466,0.742186
370.176047358,5.0466,0.674631
370.83574125199993,5.0467,0.675986
371.4808414419999,5.0467,0.659027
372.1202303719999,5.0466,0.667051
372.7685591929999,5.0466,"0.75808
"
373.414773212,5.0466,0.662253
374.0604628379999,5.0467,"0.65549
"
374.69966612999997,5.0468,"0.67485
"
375.34445864400004,5.0466,0.675241
375.99058035999997,5.0465,0.679154
376.6361169019999,5.0467,0.671925
377.27980786800003,5.0467,0.764602
377.92951629699996,5.0465,0.674436
378.5755661809999,5.0465,0.656052
379.21983221100004,5.0465,0.662643
379.85923841,5.0463,0.668016
380.529830767,5.0465,0.772324
381.157382871,5.0468,0.658916
381.81356251700004,5.0468,0.674443
382.46170677400005,5.0467,0.673452
383.1096689399999,5.0466,0.674588
383.78006508399994,5.0465,0.799061
384.40476860700005,5.0466,0.674911
385.07042211099997,5.0466,0.761797
385.69393689799995,5.0465,0.653588
386.37095317299986,5.0466,0.658054
386.99502417100007,5.0466,"0.76003
"
387.66813006999996,5.0465,0.671808
388.300004727,5.0465,0.720309
388.954926139,5.0469,0.673848
389.59929370400005,5.0467,0.674063
390.24051195800007,5.0467,"0.73775
"
390.8835002609999,5.0467,0.667749
391.5297523019999,5.0465,0.796499
392.193887096,5.0467,0.661421
392.81836548599995,5.0469,0.655772
393.4852763449999,5.0466,0.650183
394.11027339299994,5.0466,0.674203
394.780314651,5.0464,0.763885
395.405101585,5.0465,0.675342
396.069880345,5.0468,0.746318
396.69474029799994,5.0467,0.675796
397.3696088239999,5.0467,0.656934
397.994504712,5.0466,0.746643
398.67756331300006,5.0466,0.670197
399.30550699399987,5.0467,0.751233
399.964865119,5.0469,0.658442
400.60999876999995,5.0469,0.675907
401.25481360799995,5.0465,0.683059
401.9020648159999,5.0464,0.673477
402.5385435779999,5.0466,0.762682
403.20497085600005,5.0466,"0.67503
"
403.829651046,5.0468,0.754049
404.48827908499993,5.0467,0.655375
405.134513902,5.0467,0.658667
405.7792108599999,5.0465,0.697165
406.4438227119999,5.0464,0.670471
407.07155345,5.0464,0.663064
407.72937916599994,5.0467,0.674357
408.37450196300006,5.0467,"0.67584
"
409.02652287399997,5.0465,"0.68089
"
409.673116491,5.0465,0.670165
410.318293712,5.0465,0.766791
410.982586844,5.0467,0.660707
411.6091386840001,5.0467,0.655626
412.281836117,5.0467,0.656164
412.909164381,5.0465,0.674147
413.56994454200003,5.0462,"0.76089
"
414.217761204,5.0464,0.674119
414.8596650899999,5.0466,0.675979
415.523905969,5.0467,0.675849
416.14977819499995,5.0466,0.658485
416.80902241700005,5.0465,0.753922
417.45372377399985,5.0465,0.670716
418.0945687149999,5.0467,0.666136
418.73929105799994,5.0467,0.658507
419.38190714100006,5.0468,0.655964
420.02884553399986,5.0468,0.761232
420.6793381939999,5.0465,0.674827
421.32359713200003,5.0465,0.749673
421.9647087389999,5.0466,0.675108
422.63776709299987,5.0465,0.675893
423.264454117,5.0465,0.735583
423.92916603000003,5.0464,0.662272
424.55389023399994,5.0464,0.779985
425.2192862269999,5.0467,0.669398
425.86411563799993,5.0467,0.704003
426.5086398839999,5.0466,0.732199
427.173787167,5.0466,0.675259
427.801568221,5.0464,0.763691
428.46474476699996,5.0463,0.670546
429.1089534769999,5.0464,0.674526
429.7563838389999,5.0466,0.657841
430.433098945,5.0468,0.655351
431.058213562,5.0466,0.743928
431.7194230119999,5.0464,0.675325
432.36353108599997,5.0462,0.766941
433.01694458099996,5.0465,0.675634
433.662187529,5.0467,0.676667
434.30870004200005,5.0467,0.724689
434.97976721500004,5.0465,0.660772
435.60348719800004,5.0466,0.759906
436.27326297700006,5.0465,0.673606
436.8982409089999,5.0467,0.664726
437.56859045099986,5.0466,0.657846
438.1958147999999,5.0466,0.675626
438.8540634189999,5.0467,0.762315
439.49851846599995,5.0464,"0.6757
"
440.13732261999985,5.0465,0.674643
440.7839939769999,5.0466,0.677252
441.42965993999996,5.0465,0.676101
442.09737007299987,5.0467,"0.76643
"
442.721702349,5.0465,0.663399
443.38326547999986,5.0464,0.672988
444.02809057900004,5.0463,0.668595
444.6738864859999,5.0466,0.661059
445.320955553,5.0467,0.766625
445.958698466,5.0467,0.677965
446.60301995099985,5.0466,0.685826
447.25327780299995,5.0465,0.673278
447.8977348619999,5.0465,"0.67783
"
448.54428333300007,5.0466,0.675135
449.1880334949999,5.0468,0.655234
449.8281974060001,5.0465,0.742737
450.49982549599986,5.0464,0.666019
451.1222269709999,5.0462,0.678004
451.7829554749999,5.0464,0.666087
452.42800129199986,5.0466,0.676118
453.0728125159999,5.0466,0.765466
453.745401251,5.0464,0.675702
454.3732178739999,5.0463,0.669586
455.044992781,5.0463,0.673523
455.678441904,5.0467,0.662663
456.33732742999996,5.0471,0.734251
456.9836850449999,5.0466,0.656038
457.62738888399986,5.0464,0.788356
458.29430406200004,5.0466,0.674685
459.04340491699986,5.0466,0.674299
459.71726742500005,5.0466,0.765533
460.3429974129999,5.0468,0.656553
461.02367204000006,5.0466,0.677217
461.648598773,5.0467,0.676147
462.31873393,5.0463,"0.67207
"
462.94158096499996,5.0465,0.778055
463.60250882499986,5.0468,0.677773
464.251725934,5.0468,0.776121
464.89635436799995,5.0466,0.660522
465.567442044,5.0466,0.669028
466.19494128999986,5.0466,0.757656
466.8681767329999,5.0466,0.664439
467.4930447029999,5.0465,0.748495
468.161699493,5.0466,0.675534
468.78749363199995,5.0466,"0.67729
"
469.46299720799993,5.0466,0.749493
470.0894595929999,5.0467,0.672687
470.74770402800004,5.0465,"0.76476
"
471.39255646599986,5.0465,0.656514
472.0377839129999,5.0464,0.657672
472.6814952739999,5.0463,0.663301
473.3263058319999,5.0463,0.673722
473.9965266439999,5.0466,0.751081
474.6232187139999,5.0466,0.676409
475.2987384759999,5.0465,0.779016
475.9222186289999,5.0467,0.674557
476.6015489659999,5.0466,0.667529
477.22740043399995,5.0465,0.743439
477.89228962800007,5.0466,0.666457
478.5180471849999,5.0467,0.741238
479.18208937200006,5.0466,"0.6571
"
479.80588213099986,5.0466,0.677704
480.48012215899985,5.0463,0.682249
481.10660014799987,5.0466,0.672075
481.78495596699986,5.0466,0.759748
482.41289357899996,5.0465,0.677152
483.08774846200004,5.0466,"0.65591
"
483.71101823000004,5.0467,0.663294
484.3781146609999,5.0463,0.669879
485.00210611400007,5.0464,0.773164
485.682161557,5.0468,0.663148
486.307725292,5.0467,0.677984
486.97460191999994,5.0467,"0.6775
"
487.620552222,5.0465,0.675628
488.27232690799997,5.0465,"0.75797
"
488.91585239799997,5.0466,0.673307
489.562781891,5.0465,"0.71531
"
490.20637248599996,5.0466,0.655702
490.85204095099994,5.0467,"0.65879
"
491.49646083799985,5.0465,0.765641
492.1404689409999,5.0465,0.672398
492.8073850379999,5.0464,0.746254
493.43206102599993,5.0466,0.676633
494.0925320419999,5.0467,0.677599
494.7374356339999,5.0466,0.676818
495.38197129800005,5.0462,0.666401
496.026897858,5.0461,0.771343
496.667425333,5.0464,0.665623
497.343246935,5.0465,0.659404
497.96720430100004,5.0465,0.656801
498.62691450500006,5.0467,0.676223
499.2725131089999,5.0466,0.763607
499.9169325109999,5.0466,0.672441
500.56401802999994,5.0468,0.674893
501.214151291,5.0467,0.675552
501.8905378479999,5.0466,0.655835
502.51766816099985,5.0464,"0.75145
"
503.17621238699985,5.0465,0.671175
503.8218547849999,5.0467,0.670423
504.46722123799987,5.0468,0.662838
505.11066367700005,5.0467,"0.67761
"
505.75413179199995,5.0465,0.702804
506.42806025000004,5.0465,0.677368
507.05015541299986,5.0465,"0.67305
"
507.72269185000005,5.0463,0.675717
508.345530885,5.0465,0.674607
509.01728495399993,5.0467,0.657147
509.641862058,5.0468,0.660226
510.31703450300006,5.0465,0.687572
510.94149295500006,5.0463,0.674557
511.6186333169999,5.0465,0.778789
512.250210772,5.0466,0.675544
512.911810118,5.0463,0.677499
513.5567200319999,5.0465,0.766012
514.197174245,5.0466,0.670307
514.8656698249999,5.0461,0.764527
515.4903571309999,5.0462,0.665078
516.1497379709999,5.0466,0.658773
516.799698387,5.0464,0.765908
517.4421117649999,5.0463,0.677258
518.120421629,5.0463,0.774755
518.7471598719999,5.0464,0.676214
519.4165588559999,5.0465,0.677027
520.04142293,5.0468,0.744605
520.70105403,5.0469,"0.65924
"
521.345707101,5.0464,0.768026
521.991170453,5.0464,"0.67417
"
522.63494558,5.0463,0.669639
523.292857356,5.0465,0.661161
523.9366215949999,5.0467,"0.67528
"
524.5798837350001,5.0467,0.771044
525.226049394,5.0465,0.677285
525.8746858509999,5.0465,0.672283
526.5204656639999,5.0465,0.676089
527.166139535,5.0464,0.659563
527.8106392049999,5.0465,0.734065
528.459870102,5.0465,0.660547
529.106791505,5.0463,0.676854
529.7464697329999,5.0466,0.671147
530.3908002799999,5.0466,0.666259
531.03045361,5.0464,0.736979
531.6752034890001,5.0465,0.677733
532.315365789,5.0465,0.760014
532.9606439629999,5.0464,0.670573
533.6016176379999,5.0464,0.674569
534.2462788129999,5.0466,0.677107
534.88607563,5.0466,0.658315
535.5309807680001,5.0466,0.741861
536.175472717,5.0463,"0.66361
"
536.81993633,5.0465,0.673756
537.4684342749999,5.0465,0.671964
538.140636849,5.0466,0.676883
538.765478236,5.0467,0.706861
539.440567765,5.0465,0.677311
540.0664217839999,5.0464,"0.75907
"
540.733627284,5.0464,0.673672
541.3596593269999,5.0466,0.765981
542.0264168449999,5.0467,0.662114
542.6512120790001,5.0469,0.657499
543.3105450099999,5.0466,0.765305
543.955262682,5.0462,0.677225
544.60093689,5.0462,0.674797
545.245791439,5.0464,0.676041
545.889461943,5.0465,0.677819
546.533829341,5.0466,0.712143
547.1759496949999,5.0468,0.662088
547.827859231,5.0465,0.757813
548.4613395469999,5.0462,0.675028
549.106625717,5.0466,0.665709
549.745888642,5.0466,0.658667
550.390535469,5.0465,0.657177
551.030768369,5.0465,0.784215
551.6757732240001,5.0464,0.675793
552.313974658,5.0462,0.675248
552.992032166,5.0467,0.677726
553.6354689539999,5.0465,0.678334
554.280814493,5.0465,0.776677
554.950313891,5.0464,0.664853
555.575116086,5.0463,0.674482
556.2447831960001,5.0464,0.670382
556.870875374,5.0464,0.662663
557.5448637489999,5.0464,0.762716
558.175133492,5.0464,0.677442
558.835270692,5.0462,"0.7277
"
559.4778477079999,5.0462,0.673686
560.1251544919999,5.0465,0.677299
560.76969427,5.0465,0.740724
561.420332448,5.0466,0.648098
562.0648610779999,5.0466,0.763835
562.7103961939999,5.0465,0.677191
563.3552405599999,5.0463,0.676353
563.999544649,5.0463,0.667869
564.6452328390001,5.0466,0.678057
565.2898625610001,5.0465,0.767872
565.96577426,5.0464,0.664047
566.5908684799999,5.0465,0.670312
567.2551714629999,5.0464,0.674511
567.900014989,5.0466,"0.66484
"
568.544960601,5.0469,0.740304
569.215944968,5.0466,0.657373
569.838731411,5.0463,0.797091
570.499528561,5.0463,0.676263
571.144529535,5.0464,0.675735
571.790206101,5.0466,0.747304
572.4645531619999,5.0464,0.675931
573.090510211,5.0463,0.745009
573.769152652,5.0464,0.666831
574.3943137910001,5.0466,0.674701
575.0643872389999,5.0466,0.668998
575.6893539959999,5.0467,"0.66199
"
576.348753963,5.0468,0.699221
576.995256899,5.0463,0.676226
577.6401174959999,5.0462,0.668694
578.284442505,5.0464,0.673658
579.3498830419999,5.0466,0.661417
580.010183134,5.0466,"0.67638
"
580.6538490579999,5.0465,0.769636
581.30474654,5.0464,0.676671
581.9494512409999,5.0462,0.673355
582.5947242909999,5.0463,0.677309
583.2641814609999,5.0465,0.676303
583.8900531279999,5.0467,0.743078
584.5675030729999,5.0465,0.661143
585.1951067150001,5.0463,0.770386
585.8649980069999,5.0465,0.672588
586.490089338,5.0466,0.667239
587.148033104,5.0465,0.739039
587.793886059,5.0465,0.678003
588.4376562989999,5.0465,0.786946
589.084135625,5.0465,0.671834
589.733680193,5.0465,0.675907
590.4039914909999,5.0465,0.663172
591.029240372,5.0465,0.658298
591.69004963,5.0465,0.743322
592.334215605,5.0465,0.677491
592.9788658119999,5.0463,0.774728
593.6546059570001,5.0466,0.677576
594.2808267359999,5.0468,"0.67711
"
594.942541953,5.0467,0.730322
595.588983093,5.0465,0.659839
596.2396690389999,5.0465,0.666274
596.8842857499999,5.0467,0.674028
597.529412631,5.0466,0.667535
598.1991322879999,5.0464,0.660505
598.8223254249999,5.0466,0.678594
599.4882406499999,5.0467,"0.76164
"
600.1375131140001,5.0466,0.678402
600.774085688,5.0464,0.676068
601.418856669,5.0465,0.676434
602.0646549179999,5.0466,0.659101
602.7393355940001,5.0467,"0.77536
"
603.3717610169999,5.0466,0.662272
604.0291665699999,5.0464,0.686345
604.6733590409999,5.0462,"0.67298
"
605.327287828,5.0463,0.677597
605.9732984729999,5.0464,0.769322
606.6246304669999,5.0465,0.677062
607.269230915,5.0465,0.666773
607.908458139,5.0464,0.672257
608.553453753,5.0465,"0.67613
"
609.1923413299999,5.0466,0.746278
609.838836829,5.0467,0.657718
610.4840832289999,5.0466,0.770093
611.1291378010001,5.0464,0.677107
611.774329719,5.0463,0.676343
612.4435300729999,5.0464,0.726518
613.0689822669999,5.0465,0.676239
613.734157975,5.0465,0.772471
614.358466855,5.0465,0.660895
615.03577608,5.0464,"0.6683
"
615.6671606259999,5.0465,0.674109
616.338696666,5.0466,0.667596
616.9634013350001,5.0466,0.740718
617.6337913509999,5.0466,0.678288
618.258981033,5.0465,0.676632
618.928570608,5.0463,0.676526
619.554318533,5.0463,0.675059
620.212640447,5.0464,"0.73351
"
620.8562619459999,5.0465,0.678255
621.5032873939999,5.0465,0.658631
622.14630825,5.0464,0.663823
622.787377331,5.0463,0.676465
623.435704794,5.0463,0.671958
624.0738599900001,5.0465,0.664381
624.717860453,5.0469,0.674355
625.363457316,5.0467,0.678137
626.034012588,5.0463,0.678083
626.658212388,5.0465,0.672235
627.326713382,5.0465,0.676525
627.9533657499999,5.0467,0.751443
629.0229456289999,5.0465,0.767872
629.6481135269999,5.0464,0.678679
630.3131718689999,5.0462,0.752884
630.9384983109999,5.0464,0.675049
631.6027845460001,5.0465,0.678202
632.2275024809999,5.0466,0.678156
632.8937740829999,5.0467,0.659871
633.528466515,5.0464,0.777291
634.185037895,5.0462,0.675523
634.833896401,5.0464,0.679469
635.473429124,5.0465,"0.6626
"
636.1180005809999,5.0466,0.676101
636.7681561009999,5.0466,0.772464
637.4131242349999,5.0462,0.677555
638.063335067,5.0462,0.675403
638.707660473,5.0464,0.678723
639.73913197,5.0466,0.657683
640.382466565,5.0466,0.766898
641.032651144,5.0463,0.685534
641.6783871590001,5.0462,0.676008
642.3235090420001,5.0464,0.678349
642.967541623,5.0466,0.677505
643.6121627089999,5.0466,0.714059
644.2823085749999,5.0466,"0.66135
"
644.9064325729998,5.0464,0.669379
645.5777720649999,5.0464,0.745532
646.2025535289999,5.0465,0.666866
646.8726623590001,5.0465,0.738126
647.497621899,5.0466,0.677407
648.158084676,5.0467,0.679011
648.801613695,5.0466,0.688433
649.441577093,5.0466,0.675603
650.1139844740001,5.0467,0.771562
650.7381425819999,5.0467,0.678214
651.3976463189999,5.0468,0.658868
652.0427081379999,5.0464,0.664454
652.682698304,5.0462,0.670881
653.327516001,5.0463,"0.75115
"
653.971509194,5.0466,0.664513
654.617493641,5.0466,0.676384
655.2647169239999,5.0464,0.676433
655.936803457,5.0463,0.678392
656.5652444929999,5.0463,0.764296
657.2228192109999,5.0465,0.677406
657.8675829429999,5.0466,0.682295
658.517336867,5.0465,0.658418
659.162419149,5.0466,0.660736
659.8024780599999,5.0465,0.769021
660.449396382,5.0464,0.673573
661.0922947459999,5.0465,0.719999
661.7372597819999,5.0465,0.678828
662.381968353,5.0465,0.679017
663.026814739,5.0465,0.677858
663.6720627499999,5.0464,0.668945
664.3422068759999,5.0461,0.760772
664.967226923,5.0464,0.665848
665.627206543,5.0465,"0.66001
"
666.2511777049999,5.0464,0.657012
666.9229222899999,5.0465,0.678064
667.5465921919999,5.0464,0.765932
668.2065837380001,5.0464,0.675374
668.85233754,5.0465,0.675715
669.4922303440001,5.0465,0.678089
670.137062712,5.0463,0.678119
670.790070518,5.0463,0.743797
671.4372369089999,5.0462,0.671791
672.077369977,5.0463,0.671123
672.72165363,5.0466,0.664164
673.3725028839999,5.0467,0.663716
674.017344572,5.0466,0.686348
674.6579640049999,5.0463,0.677834
675.301458051,5.0463,0.759593
675.945918893,5.0464,0.678144
676.5901830109999,5.0465,0.677282
677.237181423,5.0467,0.678575
677.8824112959999,5.0468,"0.66168
"
678.5309759489999,5.0465,0.754474
679.1770034470001,5.0462,"0.67421
"
679.821220321,5.0464,0.666937
680.466676083,5.0465,0.660626
681.109760737,5.0466,"0.68048
"
681.7556338530001,5.0466,0.695561
682.3971688259999,5.0464,0.678652
683.042005819,5.0465,"0.68081
"
683.6800244429999,5.0465,0.678043
684.326745133,5.0465,0.771951
684.9719768739999,5.0465,0.658656
685.6168498029999,5.0465,0.665147
686.267220125,5.0463,0.757731
686.910443475,5.0464,"0.67045
"
687.554127567,5.0465,0.662251
688.2020578709999,5.0467,0.658712
688.841481634,5.0464,0.679795
689.486291849,5.0462,0.689119
690.1268811119999,5.0463,0.678548
690.771686847,5.0465,"0.68377
"
691.412389394,5.0465,0.676308
692.0560005109999,5.0466,0.658447
692.7062161869999,5.0463,0.661981
693.3507259739999,5.0464,0.667765
693.9964431389999,5.0464,0.700782
694.6667546369999,5.0464,0.669622
695.291128806,5.0464,0.737373
695.961723697,5.0466,"0.67722
"
696.5876340539999,5.0468,0.678843
697.251102442,5.0464,0.697991
697.8780408989999,5.0463,0.675312
698.542034457,5.0465,0.767955
699.1862958469999,5.0468,0.660656
699.826287377,5.0469,"0.65885
"
700.46963624,5.0463,0.663626
701.11059264,5.0462,0.677883
701.762617631,5.0461,0.757504
702.401519909,5.0463,0.666045
703.07325618,5.0467,0.677817
703.7019981209999,5.0467,0.678186
704.3616412399999,5.0465,0.665742
705.006297011,5.0464,0.772236
705.650556156,5.0466,0.675691
706.316465803,5.0465,0.662759
706.9462681349999,5.0465,0.658793
707.606066568,5.0464,"0.67975
"
708.249438968,5.0464,0.765743
708.890570991,5.0464,0.675413
709.5364264269999,5.0465,0.677671
710.1858114419999,5.0467,"0.6777
"
710.8281208399999,5.0466,0.678213
711.471452819,5.0464,0.749804
712.122366624,5.0461,0.669024
712.760557885,5.0461,0.793699
713.4294318279999,5.0465,0.668534
714.055025808,5.0465,0.660234
714.730897654,5.0465,0.704931
715.3614095319999,5.0464,0.678973
716.020937586,5.0463,"0.77084
"
716.6641185670001,5.0463,0.677084
717.311300024,5.0464,0.678018
717.975428465,5.0463,0.677148
718.600105646,5.0464,0.658832
719.260268559,5.0464,0.751505
719.9052439099999,5.0462,0.674352
720.5503871829999,5.0463,0.671875
721.221315813,5.0466,0.664794
721.845293648,5.0467,0.679879
722.5199895170001,5.0464,"0.69729
"
723.1446713819998,5.0463,0.668098
723.8176156389998,5.0464,0.774178
724.4460202110001,5.0465,0.677121
725.1050157950001,5.0467,0.648635
725.7308426369998,5.0466,0.657939
726.4009440520001,5.0463,0.660594
727.0256713840001,5.0463,0.772474
727.6979555149999,5.0464,0.675836
728.3253496909999,5.0465,0.678861
728.9953651640001,5.0467,0.679026
729.6187029239998,5.0466,0.677977
730.2891025209999,5.0464,0.769078
730.9146985199998,5.0465,0.670945
731.5899574709999,5.0463,0.676048
732.21554722,5.0462,0.667024
732.880499267,5.0464,0.660446
733.5056307719999,5.0464,0.781589
734.175961875,5.0464,0.678005
734.8003437219998,5.0464,0.791978
735.465078553,5.0463,0.676723
736.0912121690001,5.0463,0.677532
736.758903743,5.0465,0.678713
737.385141771,5.0466,0.658996
738.0507838360002,5.0463,0.779918
738.6738082989998,5.0462,0.676769
739.3334834039999,5.0463,0.670364
739.978149801,5.0464,0.662631
740.6179087849998,5.0465,0.678261
741.2638753670001,5.0467,0.767473
741.9097381180002,5.0465,0.679465
742.5545750630001,5.0464,0.675156
743.1992840820001,5.0465,0.677668
743.844107699,5.0467,0.679271
744.4888474480001,5.0464,0.743305
745.1346419909999,5.0463,0.661773
745.774328194,5.0463,"0.77857
"
746.4484851559998,5.0465,0.674293
747.0748009289998,5.0465,0.696397
747.7392461460001,5.0466,0.741876
748.3639219670001,5.0466,0.678274
749.0340766389997,5.0463,0.766742
749.6585743439998,5.0461,0.671741
750.3186685069998,5.0463,0.677234
750.9644237099999,5.0466,0.678623
751.6136899139999,5.0467,0.658437
752.2579704080001,5.0465,0.740921
752.8981968579999,5.0462,0.676455
753.5696654729998,5.0463,0.768085
754.1936359049998,5.0466,0.671603
754.853267065,5.0466,0.677588
755.4981877319999,5.0464,0.709319
756.138928393,5.0464,0.678935
756.7831704940002,5.0463,0.667964
757.42809057,5.0464,0.674582
758.0721746880001,5.0465,0.679238
758.7182781589997,5.0464,0.663308
759.362805473,5.0466,"0.65823
"
760.0034825219998,5.0464,0.768075
760.6476432359998,5.0464,0.679554
761.2921986039999,5.0464,0.676607
761.9383023120001,5.0465,0.678852
762.5767214529999,5.0466,0.679874
763.221145454,5.0466,0.742777
763.8696463009999,5.0464,0.663615
764.5410576289999,5.0463,0.670153
765.1658563600001,5.0463,0.673495
765.8303051390001,5.0465,"0.6668
"
766.4538305230001,5.0463,0.660722
767.1182335000001,5.0464,0.655661
767.740966828,5.0463,0.757981
768.4167452079998,5.0461,0.678419
769.0442020379999,5.0464,0.677828
769.717789774,5.0466,0.679357
770.3448108690002,5.0465,0.660397
771.0109452240001,5.0465,0.749524
771.656455225,5.0464,0.666935
772.3012461179999,5.0462,0.677099
772.9465612219999,5.0463,0.672028
773.5866638979999,5.0465,"0.66361
"
774.2457803969999,5.0465,0.784213
774.8811104839999,5.0465,0.676744
775.527473069,5.0463,0.766948
776.171554888,5.0461,0.675351
776.8361267130001,5.0462,0.677459
777.4612108230001,5.0465,0.679604
778.1312827889999,5.0466,0.659522
778.75460451,5.0465,0.772166
779.418933964,5.0465,0.678809
780.0667230689999,5.0463,0.675446
780.7157410369998,5.0464,0.669291
781.3606045499998,5.0465,0.678591
782.0002803330001,5.0466,0.791258
782.6459916769998,5.0466,0.679857
783.285306038,5.0465,0.779553
783.9351589979999,5.0462,0.675478
784.5760339780002,5.0464,0.660257
785.2457095429997,5.0466,0.738521
785.8707469479998,5.0466,0.660086
786.5336817059999,5.0465,0.679712
787.160808637,5.0463,0.678074
787.826098885,5.0463,0.673362
788.450689172,5.0463,0.751245
789.1250597569999,5.0465,0.679567
789.7536330259998,5.0465,0.660847
790.4242482080001,5.0464,0.668778
791.0524599540001,5.0463,0.762974
791.7146634970002,5.0464,0.672916
792.3591638269997,5.0463,0.664556
792.9986738609998,5.0463,0.745081
793.64349006,5.0463,"0.67929
"
794.2933187749998,5.0463,0.765251
794.9405502970001,5.0464,0.677827
795.5840958359997,5.0462,0.680788
796.231269617,5.0463,0.729046
796.8775942740001,5.0464,0.659575
797.522313445,5.0462,0.663497
798.1651256849998,5.0464,0.670722
798.8343782959998,5.0466,"0.6757
"
799.456621996,5.0466,"0.67001
"
800.1284882419998,5.0467,0.662077
800.753724074,5.0466,0.692184
801.4143988560002,5.0465,0.680038
802.058962506,5.0464,0.673663
802.7035696410001,5.0463,0.679088
803.3687125849999,5.0464,0.678696
803.9935817079997,5.0465,0.750546
804.653475029,5.0465,0.661057
805.30055995,5.0464,0.666421
805.9387478790002,5.0463,0.679624
806.6018054459998,5.0463,0.673099
807.22884813,5.0465,0.786792
807.8886668899997,5.0467,0.681009
808.532619586,5.0462,0.679825
809.1739834950001,5.0460,0.670054
809.8182478390002,5.0462,0.675903
810.463278594,5.0465,0.679324
811.1086010490001,5.0466,0.663669
811.753325035,5.0465,0.760153
812.3974402679999,5.0464,0.662771
813.038448774,5.0463,0.679543
813.6827484190001,5.0462,0.676373
814.3271926720001,5.0463,0.679716
814.970759353,5.0466,0.772077
815.6184311499999,5.0467,0.679956
816.2971802199997,5.0467,0.664778
816.922990407,5.0464,0.673355
817.5908321619997,5.0459,0.676039
818.217384628,5.0462,0.749722
818.877355843,5.0465,0.660131
819.501044377,5.0464,0.681164
820.1615699639999,5.0463,0.680576
820.80569373,5.0462,0.680144
821.4582985619998,5.0463,0.691564
822.1023538070001,5.0465,0.680042
822.7464723320002,5.0467,0.790409
823.391250032,5.0467,0.661144
824.0371975350001,5.0465,0.665289
824.706705241,5.0463,0.687257
825.332032988,5.0463,0.671636
826.0066535899998,5.0465,0.744395
826.6351033130002,5.0466,0.678167
827.3020802670001,5.0466,0.679285
827.9268899249998,5.0465,0.678546
828.6017031399999,5.0463,0.676313
829.2258096009998,5.0463,0.752635
829.9008809260001,5.0464,0.662516
830.5261166100001,5.0465,0.743392
831.1862515269997,5.0464,0.662734
831.830850778,5.0463,0.678405
832.475643125,5.0464,0.677358
833.121729533,5.0466,"0.6696
"
833.7587646519999,5.0465,0.681501
834.405911996,5.0463,0.681022
835.0552693699999,5.0464,0.665606
835.7016233920001,5.0464,0.672962
836.3463201480001,5.0464,"0.67742
"
837.0123425179997,5.0465,0.760856
837.6381951350002,5.0465,0.660719
838.3012392799999,5.0464,0.659599
838.9456222639999,5.0464,0.680137
839.5849674099998,5.0465,0.679802
840.2302105880001,5.0463,0.806634
840.8822414919998,5.0464,0.680047
841.5314484990001,5.0465,0.769257
842.1751183049998,5.0463,0.662366
842.8212007019999,5.0459,0.668564
843.4588197269998,5.0460,0.674822
844.1045274109999,5.0461,0.671457
844.754716525,5.0464,0.764922
845.3992840600001,5.0464,0.660665
846.044148922,5.0461,0.680832
846.7096498499998,5.0460,"0.67922
"
847.3409378849999,5.0460,0.675628
847.9949991179999,5.0463,0.785755
848.6396307130001,5.0466,0.678287
849.2848126319998,5.0466,0.659993
849.9549731139998,5.0465,0.662835
850.5796975800001,5.0466,0.676766
851.2545857550001,5.0466,0.765221
851.8792746820002,5.0464,0.668259
852.5489041909998,5.0465,0.680085
853.1748415280001,5.0465,0.679028
853.8389998229998,5.0464,0.680957
854.4635907680001,5.0463,0.754563
855.1341956690001,5.0463,0.678183
855.7588294599998,5.0464,0.761294
856.4195161780001,5.0463,0.659595
857.0640072439999,5.0464,0.659721
857.7097515489997,5.0462,0.695315
858.3542224280002,5.0461,0.679203
858.999298338,5.0463,0.752605
859.674344243,5.0465,0.679684
860.2986774580002,5.0466,0.629495
860.9631857669999,5.0465,0.680029
861.5884563859997,5.0461,0.668435
862.2628351149999,5.0460,0.756106
862.8895933269998,5.0464,0.668695
863.5589360329998,5.0466,"0.66278
"
864.1825413170002,5.0465,0.660262
864.8488574750002,5.0465,0.678151
865.4735348930001,5.0463,0.684937
866.133796802,5.0462,0.678654
866.7785106389999,5.0465,0.679418
867.4180538090002,5.0463,0.681105
868.065948879,5.0463,0.660534
868.7072740649999,5.0465,0.664803
869.3723848409998,5.0462,0.673571
870.0185746579998,5.0462,0.767352
870.6626285300001,5.0463,0.667708
871.307356994,5.0463,0.744268
871.948001816,5.0463,"0.6265
"
872.5907105220001,5.0464,0.627017
873.2341273609998,5.0464,0.626929
873.8787042789997,5.0464,0.624869
874.5171080520001,5.0462,0.626342
875.1828844730001,5.0463,0.607534
875.8274509830001,5.0464,0.608259
876.4723467299998,5.0463,0.615665
877.1178271319998,5.0463,0.625007
877.7621537590001,5.0463,0.721134
878.4327823360002,5.0465,0.626925
879.0783286349999,5.0465,0.627747
879.717442331,5.0465,0.627512
880.3620573689998,5.0464,0.619212
881.0116877409998,5.0464,0.736579
881.6569084720002,5.0465,"0.6277
"
882.2946704610001,5.0465,0.655478
882.9418087729998,5.0463,0.608056
883.5915277289998,5.0464,"0.60941
"
884.2351316050001,5.0464,0.720903
884.8865620069998,5.0463,0.622681
885.5310236009998,5.0464,0.626203
886.171986355,5.0465,0.627124
886.8170231739998,5.0462,0.729751
887.4619804890001,5.0461,0.694126
888.1254370640002,5.0461,0.621257
888.77621036,5.0463,0.718274
889.4133379279999,5.0465,0.613484
890.0866373440001,5.0464,0.608183
890.711428582,5.0464,0.643454
891.3766423330001,5.0464,0.626938
892.0011314579999,5.0462,0.712976
892.660874334,5.0463,0.626539
893.3049884019999,5.0464,0.625927
893.950747479,5.0464,0.627317
894.6205140750001,5.0464,"0.60958
"
895.2505708339997,5.0464,0.710975
895.9205438609999,5.0462,0.623092
896.5453769210001,5.0463,0.617058
897.210700588,5.0464,0.610709
897.8352171720001,5.0464,0.627723
898.4960729030001,5.0464,0.657548
899.1448831760001,5.0463,0.619714
899.7852151599998,5.0464,0.625167
900.4304342389999,5.0464,0.628102
901.0702422880001,5.0466,0.608996
901.714752609,5.0467,0.607305
902.3610690069997,5.0466,0.613099
903.0059245969999,5.0466,0.665663
903.646184552,5.0465,0.623032
904.3242365560002,5.0464,0.697248
904.950045154,5.0466,0.626808
905.6152605119998,5.0463,0.628998
906.2406529759999,5.0462,0.638173
906.905274939,5.0465,0.621387
907.5298828120001,5.0465,0.717233
908.193328348,5.0464,0.612903
908.8394217369998,5.0464,0.607755
909.485023859,5.0464,0.608553
910.1616079550001,5.0462,0.628227
910.7902469560001,5.0463,0.706582
911.4549122880001,5.0464,0.625455
912.0793002990001,5.0464,0.626524
912.7398346080001,5.0466,0.626468
913.3895421579998,5.0465,0.611039
914.024639302,5.0462,0.745081
914.6691443930001,5.0461,0.623549
915.3089172709999,5.0463,0.616655
915.9835952400001,5.0464,0.607462
916.6084851489998,5.0466,0.626862
917.2743463969998,5.0466,0.716728
917.8984666039999,5.0461,0.626821
918.5677864480001,5.0462,0.643107
919.2137557489998,5.0461,0.625699
919.8543331389999,5.0463,0.627908
920.4992089979999,5.0463,0.696726
921.1431870959998,5.0463,0.613835
921.8192782799999,5.0463,0.626287
922.4432216829998,5.0463,0.622005
923.1130510370001,5.0464,0.613741
923.7414041589998,5.0465,0.664803
924.403476408,5.0465,0.627239
925.049221346,5.0464,0.614819
925.6902602789999,5.0465,0.623411
926.3379778400001,5.0466,0.625677
926.9780852460001,5.0465,"0.61094
"
927.641932274,5.0466,0.606259
928.2879367449998,5.0466,0.691788
928.9291498569999,5.0463,0.628043
929.598439477,5.0461,"0.62392
"
930.2251516499998,5.0464,0.625391
930.8983190259999,5.0466,0.627762
931.523475577,5.0465,"0.68148
"
932.1917343100001,5.0465,"0.61232
"
932.816459123,5.0464,0.704183
933.4932951970002,5.0462,0.625339
934.1245552889998,5.0462,0.616148
934.7827978769999,5.0462,0.609289
935.4268435480001,5.0463,0.631016
936.0782083199999,5.0464,0.734761
936.7221985979997,5.0465,0.625916
937.367113517,5.0465,0.624325
938.037234825,5.0465,0.627127
938.6622078899998,5.0465,0.605924
939.3349564980001,5.0466,0.712543
939.98127752,5.0465,0.614821
940.6261149069999,5.0463,"0.62529
"
941.2694695349999,5.0465,0.621305
941.9167355880002,5.0463,0.627235
942.5615593219998,5.0464,0.730154
943.2019517659999,5.0465,0.626677
943.84676823,5.0464,0.652274
944.4930192720001,5.0463,0.623307
945.1373941310001,5.0463,0.627379
945.787600375,5.0464,0.682348
946.4317295779999,5.0464,0.606958
947.077200767,5.0465,0.717505
947.7214196759999,5.0464,0.626323
948.3655060069998,5.0463,0.622394
949.009931537,5.0463,0.616683
949.661945648,5.0465,0.626917
950.3063901929997,5.0464,0.718077
950.952158713,5.0464,0.614436
951.5981384049999,5.0464,0.620681
952.241881965,5.0462,0.624809
952.911423922,5.0464,0.614277
953.5366715120001,5.0465,0.681259
954.201217733,5.0465,0.606961
954.8271762659999,5.0463,0.626771
955.50204689,5.0462,0.626474
956.1265900309998,5.0463,0.627264
956.804881758,5.0465,0.685975
957.4299079750001,5.0465,0.627804
958.0948978819999,5.0466,0.697678
958.7212973210001,5.0464,"0.61638
"
959.38987514,5.0462,0.664118
960.015628034,5.0463,0.620474
960.6864283839998,5.0464,0.610653
961.3107619330001,5.0466,0.670254
961.9756269940001,5.0465,0.626478
962.601158142,5.0461,"0.62592
"
963.2693482470002,5.0462,0.623914
963.8960996990002,5.0464,0.628139
964.5610711870002,5.0464,0.665187
965.1866845309999,5.0465,0.607599
965.8505439769999,5.0464,0.697889
966.4749777740001,5.0463,0.625677
967.139320389,5.0464,0.622009
967.785465364,5.0465,"0.61699
"
968.428744268,5.0465,"0.62622
"
969.1044041709999,5.0463,0.630841
969.7297746209999,5.0462,0.613261
970.3995902159998,5.0463,0.620401
971.0463112179998,5.0464,0.625595
971.6835161779998,5.0463,0.612514
972.35394264,5.0465,0.702182
972.9799792699998,5.0465,0.606595
973.6546553629998,5.0462,0.627243
974.2791280620002,5.0461,0.623768
974.9498713249998,5.0464,0.627275
975.5809099639998,5.0465,0.715892
976.2346687379998,5.0464,0.626166
976.878888251,5.0465,0.607463
977.5220956169999,5.0464,0.616298
978.1686907599999,5.0464,0.623008
978.809623027,5.0464,0.702188
979.4541759269998,5.0464,0.610065
980.098617506,5.0466,0.710458
980.7477640929999,5.0467,0.629764
981.389031204,5.0465,0.625566
982.034638378,5.0463,"0.69499
"
982.677983282,5.0464,0.627196
983.3539540999998,5.0463,0.716945
983.978618241,5.0463,0.608757
984.6385516990001,5.0464,"0.70399
"
985.2821137419999,5.0462,0.617532
985.9297821110001,5.0463,0.622066
986.599710491,5.0462,0.695374
987.2238294659999,5.0462,0.626609
987.8987922049998,5.0464,0.735067
988.5242669010001,5.0461,0.627523
989.1931520840001,5.0462,0.622124
989.817798111,5.0463,0.704796
990.4891292569998,5.0463,0.611423
991.1187213420001,5.0464,0.692603
991.7784180649999,5.0464,0.609148
992.422967616,5.0462,0.627728
993.0682028640001,5.0464,0.632368
993.7385121589998,5.0466,0.620331
994.3636232659999,5.0466,0.721686
995.0282160479999,5.0465,0.626903
995.6728695039999,5.0465,0.612166
996.327025116,5.0464,0.618144
996.9732095960001,5.0461,0.623051
997.6175304370001,5.0462,0.695001
998.2622842600001,5.0465,0.609248
998.913589478,5.0465,0.627649
999.5580846219998,5.0466,0.625421
1000.207900223,5.0464,0.627298
1000.8526104300001,5.0464,0.733367
1001.5051386060002,5.0465,"0.62651
"
1002.170494362,5.0467,0.631521
1002.7985564859998,5.0465,"0.60719
"
1003.4738729809999,5.0463,0.613903
1004.098084172,5.0463,"0.71779
"
1004.7667565700001,5.0464,0.621834
1005.3921371210001,5.0465,0.700178
1006.0526762659999,5.0465,0.627033
1006.697756624,5.0463,0.626723
1007.3469098560001,5.0462,0.701248
1007.9926535419997,5.0463,0.622789
1008.644328051,5.0462,0.739078
1009.2923756049997,5.0466,"0.61087
"
1009.9341109019999,5.0467,0.606966
1010.5825983060001,5.0464,0.608411
1011.2265981960002,5.0463,0.625041
1011.876428927,5.0461,0.709365
1012.5125151999998,5.0462,0.627698
1013.1763853959999,5.0465,0.720166
1013.8211972789998,5.0467,0.627345
1014.4616041440001,5.0467,0.612043
1015.106497948,5.0465,0.701485
1015.7475274189999,5.0463,0.623612
1016.3900628250001,5.0464,0.616377
1017.039979768,5.0466,0.609024
1017.6862704940002,5.0465,0.607281
1018.3266245050002,5.0461,0.649542
1018.9963083270002,5.0460,0.625711
1019.6218994439998,5.0461,0.625552
1020.280523271,5.0464,0.626601
1020.9250510429999,5.0466,0.628231
1021.5667314320001,5.0464,0.608982
1022.214033687,5.0462,0.614615
1022.8544067619998,5.0463,0.701282
1023.5263868989998,5.0464,0.620306
1024.1515688329998,5.0463,0.697598
1024.815364622,5.0463,0.628321
1025.4605132529998,5.0463,"0.62849
"
1026.1004306839998,5.0463,"0.633
"
1026.743272692,5.0466,0.624189
1027.390875068,5.0465,0.717137
1028.055692961,5.0461,0.626683
1028.680246144,5.0463,0.608048
1029.3485679459998,5.0466,0.610486
1029.975172195,5.0464,0.617171
1030.651289526,5.0463,0.700109
1031.2755161970001,5.0462,0.616881
1031.935243141,5.0464,0.626465
1032.5863955930001,5.0467,0.626616
1033.225609584,5.0463,0.628628
1033.8705318720001,5.0461,"0.74012
"
1034.516435363,5.0462,0.625361
1035.185743713,5.0464,"0.63173
"
1035.8088626319998,5.0464,0.608917
1036.4696467309998,5.0465,0.607852
1037.115393875,5.0464,0.725808
1037.761839639,5.0463,0.626529
1038.4354206289997,5.0463,0.731562
1039.0604785540002,5.0465,0.629076
1039.7249632719997,5.0466,0.627143
1040.3499928089998,5.0465,0.691545
1041.0092613479999,5.0464,0.615346
1041.655209677,5.0464,0.730817
1042.294691809,5.0466,0.619234
1042.9395218749999,5.0464,0.610245
1043.585379243,5.0464,0.607036
1044.229100408,5.0464,0.625792
1044.87855805,5.0464,0.714881
1045.524892055,5.0463,0.625132
1046.1647387179999,5.0464,0.623814
1046.809165724,5.0463,0.628531
1047.454521383,5.0464,0.607465
1048.0995015,5.0464,0.695946
1048.743979314,5.0463,0.617704
1049.389791921,5.0462,0.622484
1050.039016807,5.0465,0.616854
1050.682112113,5.0467,0.608675
1051.3236991749998,5.0464,0.682163
1051.969046902,5.0463,0.626601
1052.6100320520002,5.0462,0.719571
1053.2577262510001,5.0462,0.625638
1053.903693218,5.0464,0.626207
1054.55036499,5.0465,0.626603
1055.1992906080002,5.0463,0.607922
1055.842291652,5.0462,"0.69521
"
1056.4919735689998,5.0462,0.621801
1057.138756223,5.0462,0.621099
1057.783685705,5.0465,0.613395
1058.4297600369998,5.0466,0.629092
1059.0784251449998,5.0465,0.642088
1059.722975283,5.0466,0.627892
1060.370199574,5.0464,0.712422
1061.018038941,5.0462,0.626084
1061.658110096,5.0466,0.627677
1062.303865575,5.0466,0.606621
1062.943587985,5.0465,"0.60899
"
1063.594024405,5.0463,0.713911
1064.238232167,5.0463,0.623507
1064.9030192049997,5.0465,0.707065
1065.5285541729997,5.0466,0.627067
1066.198079998,5.0466,0.577784
1066.822651702,5.0464,0.640747
1067.4872631629999,5.0465,0.617406
1068.1134045769998,5.0463,0.714865
1068.78444144,5.0463,0.626995
1069.408406678,5.0465,0.602581
1070.073180172,5.0463,"0.6082
"
1070.6991338300002,5.0464,0.627033
1071.3667022900001,5.0464,0.708372
1071.9914060620001,5.0462,"0.62192
"
1072.656016281,5.0464,0.627524
1073.2822876809998,5.0467,0.626946
1073.9459371330001,5.0465,0.628214
1074.5927729419998,5.0464,0.703673
1075.2425934239998,5.0463,0.622142
1075.8874368129998,5.0463,0.619056
1076.531654966,5.0464,0.612895
1077.1768740149998,5.0464,0.607752
1077.821507117,5.0461,0.734475
1078.4924220310002,5.0462,0.627798
1079.122116589,5.0463,0.624704
1079.777367931,5.0465,0.627054
1080.421770139,5.0465,0.627858
1081.0656633689998,5.0465,0.687777
1081.7309044709998,5.0465,0.611592
1082.357983346,5.0463,0.727571
1083.0169381069998,5.0463,0.624036
1083.6617922120001,5.0464,"0.61673
"
1084.309364639,5.0462,0.702765
1084.981794597,5.0463,0.628332
1085.6067331020001,5.0463,0.713061
1086.2757684,5.0462,0.620469
1086.9013008569998,5.0462,0.624601
1087.5617958320001,5.0463,0.627303
1088.2063899510001,5.0466,0.607688
1088.857352374,5.0466,0.687984
1089.5041022540001,5.0463,0.629151
1090.1463866820002,5.0462,0.626609
1090.8109530499999,5.0463,0.621119
1091.436223588,5.0462,0.627241
1092.0970928509998,5.0463,0.693446
1092.741017941,5.0464,0.627293
1093.3869132890002,5.0464,0.707458
1094.031687167,5.0463,0.623375
1094.677915119,5.0463,0.619258
1095.3510219349998,5.0462,0.611264
1095.976559518,5.0463,0.605595
1096.6465575159998,5.0463,0.724334
1097.271498112,5.0464,0.628074
1097.9412364789998,5.0463,0.626079
1098.565759842,5.0463,0.627423
1099.235415593,5.0462,0.627486
1099.86262367,5.0465,0.688001
1100.526660626,5.0466,0.611861
1101.1706831079998,5.0459,"0.70792
"
1101.811701071,5.0461,0.623654
1102.481057581,5.0463,0.616778
1103.1057690730001,5.0464,0.718246
1103.779720283,5.0464,0.628987
1104.4055034770001,5.0463,0.629398
1105.0741159819997,5.0462,0.621655
1105.720908824,5.0462,0.625553
1106.3698108830001,5.0463,0.693435
1107.0162901289998,5.0464,0.607184
1107.6609682179999,5.0464,"0.70792
"
1108.3343230399998,5.0464,0.627954
1108.9602870279998,5.0462,0.626101
1109.6300723020001,5.0462,0.621052
1110.255332428,5.0465,0.625885
1110.9135686419997,5.0465,0.756285
1111.561061275,5.0464,0.609862
1112.2092165239999,5.0464,0.715742
1112.8550172980001,5.0461,0.623553
1113.494619811,5.0463,0.617638
1114.139287352,5.0465,0.690516
1114.790732782,5.0462,0.607132
1115.435544693,5.0463,0.628095
1116.084483415,5.0464,0.627175
1116.729623814,5.0464,0.624011
1117.370228383,5.0464,0.695815
1118.0446689369999,5.0467,0.627542
1118.669347759,5.0467,0.607944
1119.329134108,5.0464,0.613002
1119.9748651389998,5.0463,0.620357
1120.6142766629998,5.0462,0.624331
1121.258710764,5.0463,0.614095
1121.8994569620002,5.0465,0.690268
1122.5698602199998,5.0464,0.627469
1123.194606328,5.0464,0.713823
1123.863305643,5.0464,0.621679
1124.4898858999998,5.0461,0.626939
1125.1536053470002,5.0461,0.704229
1125.8033787450001,5.0463,"0.6051
"
1126.437022239,5.0464,0.694674
1127.1041206389998,5.0463,0.615161
1127.729248941,5.0463,0.625918
1128.3980048219998,5.0463,0.620308
1129.0234768080002,5.0464,0.627362
1129.689349953,5.0465,0.633541
1130.313496208,5.0463,0.625341
1130.981788756,5.0463,0.619021
1131.628993525,5.0461,0.624087
1132.2737025479998,5.0461,0.616651
1132.9178158799998,5.0463,0.697189
1133.567914548,5.0465,0.606869
1134.2131520199998,5.0464,0.625737
1134.858405829,5.0464,0.626498
1135.503227418,5.0463,0.622705
1136.1505498929998,5.0463,0.719868
1136.798233542,5.0464,0.628427
1137.437596176,5.0463,0.718073
1138.081950306,5.0462,0.614087
1138.722541158,5.0461,"0.61956
"
1139.367307619,5.0460,0.626178
1140.013845708,5.0463,0.613791
1140.658275764,5.0464,0.710209
1141.3047758720002,5.0463,0.627007
1141.9501109149999,5.0463,0.627284
1142.593478179,5.0464,0.625007
1143.2574463519998,5.0463,0.625731
1143.903233075,5.0463,0.747558
1144.548393154,5.0465,0.627711
1145.193142836,5.0466,0.712956
1145.843026108,5.0465,0.617468
1146.4965457239998,5.0464,0.624064
1147.1426007779999,5.0464,0.700587
1147.812708401,5.0464,0.610059
1148.4379233339998,5.0465,0.726471
1149.107327461,5.0464,"0.62809
"
1149.732071144,5.0462,0.620734
1150.398417576,5.0463,0.703533
1151.023308693,5.0464,0.625984
1151.696189558,5.0465,0.701435
1152.323277886,5.0466,0.607031
1152.9972717059998,5.0463,0.611995
1153.6244823220002,5.0463,0.631026
1154.2859785039998,5.0465,0.622508
1154.9303113419999,5.0466,0.714272
1155.582934456,5.0467,0.626967
1156.227114256,5.0465,0.627171
1156.8689761879998,5.0462,"0.61502
"
1157.536160678,5.0463,0.622896
1158.162218789,5.0463,0.712278
1158.8300197830001,5.0463,0.609585
1159.456695903,5.0462,0.607376
1160.130774552,5.0464,0.626726
1160.757115305,5.0464,"0.62875
"
1161.425782002,5.0461,0.638985
1162.0531337229997,5.0463,0.626842
1162.7112041819998,5.0466,0.650277
1163.3576652499999,5.0464,0.626522
1163.9970367539997,5.0463,"0.61097
"
1164.6705546310002,5.0463,0.617822
1165.296110005,5.0463,0.622446
1165.9575611789999,5.0462,0.706543
1166.6012607609998,5.0463,0.608987
1167.242926621,5.0463,0.627248
1167.905592855,5.0464,0.628805
1168.530264281,5.0463,0.621509
1169.2002446200001,5.0464,0.742297
1169.845670344,5.0466,0.628382
1170.4976524,5.0464,0.607998
1171.140532184,5.0462,"0.60857
"
1171.7851128720001,5.0462,0.613982
1172.433265898,5.0463,0.710894
1173.0757575730001,5.0463,0.622031
1173.721887637,5.0465,0.627731
1174.3687606279998,5.0466,0.627505
1175.0349385359998,5.0465,0.627354
1175.661670439,5.0465,0.710557
1176.325073244,5.0463,0.623352
1176.949940146,5.0463,0.739043
1177.629142079,5.0466,0.609179
1178.255503953,5.0466,0.609056
1178.9257410869998,5.0465,0.643367
1179.55047338,5.0463,0.628283
1180.225378335,5.0463,"0.71551
"
1180.850212341,5.0463,"0.62733
"
1181.5148383879998,5.0463,0.628846
1182.140671639,5.0464,0.627979
1182.815868511,5.0464,0.612352
1183.439999989,5.0461,0.701353
1184.1113175439998,5.0462,0.622028
1184.7351040699998,5.0461,"0.69865
"
1185.394669643,5.0463,"0.60231
"
1186.0392750049998,5.0465,0.626922
1186.686409752,5.0464,"0.66533
"
1187.3292072430002,5.0462,0.625881
1187.9741989679999,5.0463,0.716109
1188.620715966,5.0465,0.626947
1189.2649401249998,5.0466,0.607063
1189.940653377,5.0466,0.608667
1190.5656639779997,5.0463,0.613858
1191.230093204,5.0462,"0.62903
"
1191.854618435,5.0463,0.619456
1192.525527781,5.0461,0.611979
1193.152919331,5.0463,0.629017
1193.82454971,5.0462,0.627875
1194.450603391,5.0462,0.734258
1195.126910712,5.0464,0.623961
1195.754865783,5.0463,0.627447
1196.424547239,5.0465,"0.6099
"
1197.047825856,5.0465,0.606749
1197.7247899299998,5.0462,0.722212
1198.35437668,5.0463,0.627778
1199.024578533,5.0461,0.680037
1199.6491573810001,5.0462,0.628887
1200.3101141549998,5.0463,0.627135
1200.955188578,5.0465,0.629365
1201.595204603,5.0466,0.614261
1202.23915651,5.0464,0.729966
1202.889090714,5.0462,0.622599
1203.5335650079999,5.0462,0.613174
1204.1851241829997,5.0463,0.607354
1204.8294021159998,5.0463,0.629776
1205.4696158079998,5.0461,0.726485
1206.13446848,5.0461,0.626923
1206.7592175409998,5.0461,0.626914
1207.429154452,5.0461,0.626741
1208.0546181799998,5.0464,0.608117
1208.7314172439999,5.0465,0.643161
1209.3589658949998,5.0463,0.617357
1210.0183715259998,5.0463,0.622964
1210.6635881720001,5.0462,0.619748
1211.3037749540001,5.0464,0.612172
1211.9484135169998,5.0464,0.684731
1212.5887061760002,5.0462,0.628153
1213.2339748709999,5.0462,0.714536
1213.8780084960001,5.0460,0.623714
1214.54356617,5.0462,0.626891
1215.168425522,5.0463,0.609357
1215.837941507,5.0464,0.608171
1216.462558607,5.0463,0.703194
1217.1298705719998,5.0461,"0.62596
"
1217.751872568,5.0461,0.623702
1218.423777525,5.0464,0.616897
1219.053743224,5.0465,0.626461
1219.713335091,5.0463,0.669107
1220.3566861440002,5.0464,0.615678
1221.003520124,5.0464,0.623362
1221.6472809579998,5.0462,0.626121
1222.2886720210001,5.0462,0.613284
1222.962930241,5.0462,0.608877
1223.5876734340002,5.0462,0.629356
1224.2543587930002,5.0463,0.699268
1224.8970635829999,5.0462,"0.62616
"
1225.5421742649999,5.0462,0.626355
1226.1897477669997,5.0463,0.628029
1226.8329841739999,5.0465,0.629442
1227.4783115779999,5.0465,0.715497
1228.1280529439998,5.0463,0.619671
1228.7730502349998,5.0461,0.625013
1229.41747702,5.0463,0.617617
1230.0872546869998,5.0463,0.610088
1230.71212824,5.0465,0.736194
1231.372868783,5.0465,0.628422
1232.0182287169998,5.0462,0.709067
1232.6613860209998,5.0461,0.626449
1233.3365909030001,5.0463,0.626809
1233.962781522,5.0464,0.685155
1234.6233265409999,5.0463,0.608529
1235.271021245,5.0463,0.724788
1235.9121033899999,5.0463,0.625292
1236.5829019269997,5.0462,0.621342
1237.206174305,5.0464,0.700171
1237.872946438,5.0464,0.628526
1238.4973742690001,5.0465,"0.71605
"
1239.1612952419998,5.0464,0.616851
1239.8088584710001,5.0462,0.621946
1240.45168834,5.0461,0.626845
1241.096474524,5.0463,0.611213
1241.7416750529999,5.0464,0.691721
1242.386830752,5.0463,0.608045
1243.0313307959998,5.0463,0.629376
1243.7074358879997,5.0462,0.625636
1244.330337058,5.0463,"0.62655
"
1244.997814084,5.0463,0.695549
1245.6421410269998,5.0464,0.627563
1246.286733398,5.0464,0.709885
1246.933725268,5.0462,0.620088
1247.5717950380001,5.0464,0.622986
1248.2467096879998,5.0464,0.619098
1248.8717648919999,5.0464,0.609596
1249.530383994,5.0463,0.661426
1250.181778075,5.0461,0.626734
1250.8212287180002,5.0461,0.628384
1251.4917826949998,5.0462,"0.62701
"
1252.117218916,5.0461,0.627488
1252.7867169479998,5.0463,"0.70962
"
1253.410904561,5.0464,0.608932
1254.0717414449998,5.0461,0.616508
1254.7153430709998,5.0463,"0.62665
"
1255.3607017369998,5.0464,0.621612
1256.0063542269997,5.0463,0.613324
1256.650823404,5.0463,0.626844
1257.29867816,5.0462,0.717688
1257.945547735,5.0461,0.618794
1258.589677069,5.0463,0.623805
1259.2295540789999,5.0465,0.628867
1259.874020171,5.0464,0.611294
1260.5205125219998,5.0462,0.704167
1261.166067598,5.0461,0.612206
1261.806164114,5.0460,0.627028
1262.452536778,5.0463,0.624321
1263.095262226,5.0466,0.616579
1263.7613079199998,5.0467,0.717389
1264.386064731,5.0466,0.627652
1265.0506194719999,5.0462,0.615025
1265.695513897,5.0461,0.622829
1266.3409374999999,5.0465,0.625401
1266.985256231,5.0464,0.695342
1267.6333772649998,5.0465,0.608922
1268.280628366,5.0464,0.717609
1268.925027724,5.0463,0.628245
1269.595512271,5.0460,"0.62644
"
1270.2189643909999,5.0462,0.709553
1270.8805776359998,5.0465,0.627684
1271.526313986,5.0466,0.745579
1272.170449779,5.0466,0.609648
1272.8170931460002,5.0463,0.618848
1273.454718618,5.0461,0.624482
1274.1002123800001,5.0463,0.619092
1274.7455798099998,5.0465,0.683795
1275.39052746,5.0464,0.608953
1276.03020774,5.0462,0.627896
1276.6746610540001,5.0461,0.628208
1277.3191930780001,5.0462,0.624657
1277.9653930399998,5.0464,0.703101
1278.6102949459998,5.0463,0.629281
1279.2741899199998,5.0462,0.752261
1279.899235526,5.0462,0.611055
1280.558491741,5.0461,0.619587
1281.2047785009997,5.0463,0.628702
1281.8497246109998,5.0466,0.615719
1282.4943803160002,5.0466,0.688923
1283.141335513,5.0465,0.627079
1283.789513129,5.0463,0.630208
1284.43358529,5.0463,"0.62273
"
1285.0980124559999,5.0463,0.627478
1285.7241096159999,5.0463,0.684304
1286.394031083,5.0465,0.608418
1287.0195936899997,5.0465,0.608844
1287.694360714,5.0462,0.614676
1288.3188349129998,5.0463,0.624813
1288.9895192669999,5.0464,"0.62352
"
1289.612766159,5.0465,0.629121
1290.283899448,5.0465,0.627229
1290.9084485629999,5.0462,0.628077
1291.5698313209998,5.0463,0.619094
1292.214023318,5.0462,0.624531
1292.8588375789998,5.0461,0.627032
1293.5316868950001,5.0462,"0.68514
"
1294.158071136,5.0464,0.608535
1294.829292575,5.0464,"0.62739
"
1295.4528065900001,5.0463,0.627725
1296.122965247,5.0461,0.624927
1296.7687409090001,5.0463,0.741119
1297.4095271039998,5.0466,0.628269
1298.0543421189998,5.0465,0.721372
1298.699564236,5.0463,0.611744
1299.3435845410002,5.0461,"0.62009
"
1299.986808201,5.0460,0.702368
1300.6340030220001,5.0462,0.614897
1301.2829124910002,5.0464,0.689397
1301.92910542,5.0465,0.626569
1302.5737533630002,5.0463,0.628249
1303.2434732979998,5.0462,0.626373
1303.870382683,5.0462,0.627177
1304.538530208,5.0463,0.716436
1305.18275514,5.0464,0.608628
1305.8280200430002,5.0464,0.609526
1306.477477355,5.0463,0.616605
1307.1186623360002,5.0463,0.625003
1307.7636768179998,5.0465,0.696888
1308.4083049580001,5.0462,0.611456
1309.0523541559999,5.0464,0.627124
1309.6936841539998,5.0464,0.627733
1310.338045309,5.0462,0.627633
1310.978306795,5.0462,0.710144
1311.6226451219998,5.0462,0.625307
1312.2673472620002,5.0465,0.694526
1312.93874928,5.0466,0.608747
1313.561946655,5.0464,"0.61219
"
1314.237080524,5.0463,0.633838
1314.86221507,5.0463,0.623449
1315.5274172010002,5.0462,0.701074
1316.152981979,5.0463,0.628767
1316.826958631,5.0463,0.628579
1317.4527201089998,5.0464,0.614538
1318.1123888109998,5.0462,0.621821
1318.757257524,5.0461,0.707977
1319.3977767129998,5.0463,0.613499
1320.0426388399999,5.0464,"0.60776
"
1320.685935358,5.0464,0.609133
1321.3329773069997,5.0464,0.627283
1321.983471154,5.0464,0.640762
1322.6472392459998,5.0464,0.627354
1323.2916813969998,5.0463,0.627167
1323.9368412779997,5.0463,0.628095
1324.5826536729999,5.0465,0.607763
1325.227307067,5.0462,0.618533
1325.871502673,5.0461,0.624763
1326.512748547,5.0464,0.709234
1327.163704756,5.0464,0.612112
1327.8019251409999,5.0463,0.689949
1328.47170359,5.0464,0.628082
1329.097649561,5.0462,0.628545
1329.769442736,5.0462,0.743721
1330.3971408740001,5.0464,"0.62795
"
1331.0666672539999,5.0463,0.633669
1331.691852923,5.0462,0.608281
1332.363222824,5.0461,0.613759
1332.986196697,5.0462,0.621531
1333.65143298,5.0463,0.623194
1334.277521413,5.0463,0.709662
1334.947422215,5.0466,0.626599
1335.571678856,5.0466,0.628457
1336.231179878,5.0464,0.627494
1336.8773687689998,5.0463,0.623554
1337.5304837229999,5.0464,0.731485
1338.17571394,5.0464,0.611265
1338.816791724,5.0465,0.609659
1339.462077025,5.0461,0.609776
1340.1092014049998,5.0460,0.628043
1340.7781362550002,5.0464,"0.71614
"
1341.404567926,5.0463,0.620634
1342.0780532279998,5.0464,0.628942
1342.709001346,5.0465,0.628313
1343.386864289,5.0463,0.613224
1344.011573988,5.0461,0.704228
1344.681323255,5.0460,0.625093
1345.3084955359998,5.0461,0.617089
1345.97089399,5.0465,0.610151
1346.6165126899998,5.0467,0.629625
1347.260883064,5.0464,0.652479
1347.910249615,5.0461,0.628529
1348.5556879419998,5.0461,0.627268
1349.200940811,5.0463,0.626657
1349.844585002,5.0464,0.627851
1350.4896160800001,5.0463,"0.60835
"
1351.1332849819999,5.0462,0.614363
1351.7810736509998,5.0463,0.704341
1352.430621188,5.0463,0.621799
1353.0835259869998,5.0464,0.614215
1353.7259543779999,5.0465,0.629031
1354.40052055,5.0464,0.625327
1355.0252923189998,5.0464,0.726488
1355.690918039,5.0464,0.624463
1356.3395451949998,5.0463,0.629053
1356.980758343,5.0463,0.610251
1357.6258395869997,5.0464,0.608174
1358.276056632,5.0464,0.610126
1358.9194862890001,5.0462,0.627258
1359.560731109,5.0462,0.708904
1360.2055221980002,5.0463,0.620066
1360.8555818090001,5.0465,0.627057
1361.5002122009998,5.0464,0.627676
1362.144701563,5.0460,0.628732
1362.7897861019999,5.0464,"0.73149
"
1363.437960763,5.0465,0.625207
1364.085112676,5.0462,0.616297
1364.7297192879998,5.0465,0.609146
1365.3990091990001,5.0464,"0.60817
"
1366.0229548519999,5.0460,0.727067
1366.684816704,5.0462,"0.62718
"
1367.3281884189998,5.0464,0.628259
1367.9748540140001,5.0464,0.629326
1368.6227213969999,5.0466,0.628894
1369.2640009609997,5.0465,"0.69768
"
1369.909266598,5.0464,0.616974
1370.554207297,5.0463,0.751558
1371.1996767059998,5.0464,0.620401
1371.8488846359999,5.0463,0.613245
1372.4942125659998,5.0462,0.608274
1373.139120768,5.0463,0.628242
1373.786288995,5.0463,0.721413
1374.425663356,5.0463,0.627575
1375.0689899309998,5.0465,0.737954
1375.710108132,5.0466,0.629094
1376.3539728590001,5.0465,0.627449
1376.9998278699998,5.0464,0.693084
1377.6497709799999,5.0462,0.618089
1378.2944446579997,5.0462,"0.62409
"
1378.9385963749999,5.0464,0.615989
1379.590197969,5.0465,0.610823
1380.2348140840002,5.0463,"0.6924
"
1380.87164525,5.0464,0.627624
1381.5466438289998,5.0463,0.725636
1382.174608428,5.0462,0.626694
1382.8346397039998,5.0463,0.627872
1383.4775687509998,5.0464,0.609504
1384.123279956,5.0466,"0.60781
"
1384.798510591,5.0463,0.695662
1385.4231537389999,5.0458,"0.6288
"
1386.0914003169999,5.0462,0.622478
1386.725839463,5.0464,0.627831
1387.3898677219997,5.0465,"0.62858
"
1388.0312396759998,5.0464,0.677105
1388.6735910229997,5.0463,0.617624
1389.322587036,5.0461,"0.62359
"
1389.9628456439998,5.0463,0.627674
1390.6293477349998,5.0465,0.612496
1391.253824178,5.0464,0.608858
1391.9132666929997,5.0462,0.628029
1392.559233758,5.0462,"0.68786
"
1393.1974479429998,5.0462,0.624886
1393.8684350699998,5.0463,0.627642
1394.4935302309998,5.0463,"0.62886
"
1395.166771815,5.0463,0.629213
1395.7939660240002,5.0463,0.720486
1396.463150489,5.0462,0.619494
1397.0880490870002,5.0462,0.623071
1397.758127024,5.0466,0.617874
1398.3825399690002,5.0465,0.609769
1399.0556305459997,5.0463,0.713915
1399.684942914,5.0462,0.628801
1400.343693779,5.0462,0.623511
1400.9861912190001,5.0463,0.627412
1401.6338996279999,5.0465,"0.62793
"
1402.279340851,5.0465,0.689385
1402.9233832339999,5.0464,0.609691
1403.568529642,5.0463,"0.72216
"
1404.2116510009998,5.0460,0.624866
1404.857793172,5.0457,0.620539
1405.4981244449998,5.0461,0.611483
1406.1675618279999,5.0465,0.626331
1406.79350813,5.0464,0.722811
1407.465425604,5.0463,0.620096
1408.0940818339998,5.0461,0.624598
1408.761394113,5.0460,0.625648
1409.3857319659999,5.0462,0.610126
1410.054222348,5.0464,0.691192
1410.6979205649998,5.0465,0.610347
1411.3429784849998,5.0462,0.627301
1411.9877667849998,5.0462,0.624471
1412.634993598,5.0463,0.628628
1413.282170106,5.0464,0.702916
1413.921237487,5.0463,0.627847
1414.5672995940001,5.0461,0.613977
1415.20711705,5.0463,0.620728
1415.8518770449998,5.0464,0.711557
1416.4980223679997,5.0463,0.614917
1417.165491591,5.0465,0.609351
1417.791107589,5.0464,0.685016
1418.466535206,5.0461,0.628918
1419.0921836209998,5.0461,0.719896
1419.767528352,5.0463,0.624656
1420.391809338,5.0463,0.629447
1421.06144381,5.0461,0.680532
1421.6873417069999,5.0462,0.610334
1422.361258305,5.0461,"0.61778
"
1422.985725543,5.0462,"0.62504
"
1423.6587609179999,5.0465,0.618608
1424.2855879269998,5.0465,0.612709
1424.9559244639997,5.0466,0.626932
1425.5818497789999,5.0465,"0.63534
"
1426.25022685,5.0463,0.625913
1426.8762557859998,5.0462,0.624734
1427.537070301,5.0464,0.628937
1428.1817630369999,5.0464,0.610093
1428.8217046769998,5.0464,0.699349
1429.4663589499999,5.0463,0.613132
1430.113570539,5.0461,"0.62866
"
1430.7895672739999,5.0464,"0.62347
"
1431.415729575,5.0463,0.617798
1432.0861544850002,5.0464,0.738499
1432.7109365999997,5.0465,0.627434
1433.3771947980001,5.0463,0.612947
1434.0015645380001,5.0462,0.621509
1434.6615450789998,5.0463,0.627874
1435.311497719,5.0465,0.693124
1435.9503329289998,5.0463,0.608403
1436.5956720860001,5.0463,0.710251
1437.2361051350001,5.0463,0.627701
1437.880926089,5.0462,0.626086
1438.520876976,5.0461,0.621447
1439.165722428,5.0464,0.628278
1439.815356671,5.0466,0.735113
1440.4650048279998,5.0466,0.612319
1441.1060381129998,5.0464,0.626889
1441.7754735820001,5.0462,0.626376
1442.401704789,5.0464,0.618492
1443.0707796549998,5.0466,0.689796
1443.6979029769998,5.0465,"0.63103
"
1444.3587612640001,5.0464,0.628102
1445.005850228,5.0462,0.628245
1445.6551376529999,5.0462,0.625721
1446.3249255540002,5.0463,"0.7047
"
1446.948442095,5.0464,"0.62662
"
1447.620108419,5.0464,0.608698
1448.244889934,5.0464,"0.61346
"
1448.914509296,5.0462,0.629448
1449.5405863130002,5.0462,0.627824
1450.2097881930001,5.0464,0.615409
1450.8336380909998,5.0465,0.627829
1451.5098882119999,5.0466,0.628233
1452.1352796459998,5.0465,0.616078
1452.7953248689998,5.0462,0.624257
1453.4398916349999,5.0463,0.627651
1454.0858858169997,5.0464,0.683192
1454.760326881,5.0464,0.607756
1455.3848823279998,5.0463,0.608677
1456.054035419,5.0463,0.628773
1456.6822966429997,5.0462,"0.62638
"
1457.3388855229998,5.0460,0.740689
1457.984376861,5.0463,0.628307
1458.629719876,5.0463,0.656804
1459.276413376,5.0462,0.611026
1459.9251345599998,5.0464,0.620606
1460.5703067769998,5.0463,0.625192
1461.209586835,5.0464,0.615828
1461.861382291,5.0464,0.710776
1462.495772349,5.0465,0.607824
1463.1396948650001,5.0463,0.627313
1463.7850413109998,5.0464,0.627439
1464.42967698,5.0464,0.623693
1465.070713579,5.0463,0.721327
1465.7135115039998,5.0466,0.628619
1466.354059894,5.0463,0.627367
1467.0068173759998,5.0462,0.615397
1467.6394549149998,5.0464,0.621999
1468.2839195059998,5.0464,0.702911
1468.929662976,5.0464,0.613955
1469.577711104,5.0464,0.694978
1470.224808662,5.0462,0.627093
1470.8695951309999,5.0461,0.627785
1471.509722207,5.0462,0.626865
1472.157644181,5.0464,"0.62747
"
1472.793236414,5.0464,0.721227
1473.458927161,5.0465,0.628425
1474.084000602,5.0465,0.610238
1474.7611265980001,5.0462,0.619342
1475.388838358,5.0462,0.625319
1476.0492373529999,5.0464,0.700831
1476.692974493,5.0463,0.610813
1477.351878448,5.0464,0.627544
1477.99858891,5.0464,0.629745
1478.637382565,5.0463,0.621876
1479.308457461,5.0463,0.705782
1479.9358795629998,5.0463,"0.62841
"
1480.592573776,5.0463,0.697527
1481.2384431929997,5.0465,"0.60921
"
1481.882896889,5.0464,0.617862
1482.549559895,5.0461,0.631748
1483.173189109,5.0464,0.619836
1483.838502028,5.0464,0.721077
1484.48296582,5.0464,0.626637
1485.125730862,5.0464,0.626655
1485.799213137,5.0463,0.617125
1486.4236598609998,5.0463,0.623616
1487.087554546,5.0464,0.696312
1487.7397809450001,5.0465,0.611452
1488.3740201059998,5.0465,"0.68599
"
1489.016644697,5.0464,"0.62894
"
1489.6623887449998,5.0463,0.628129
1490.3082064479997,5.0463,0.632093
1490.9528221799999,5.0464,0.627669
1491.599275016,5.0464,0.665663
1492.2431277399999,5.0464,0.626717
1492.8889826809998,5.0464,0.612138
1493.533103869,5.0463,0.619133
1494.1779049149998,5.0462,0.624784
1494.822437173,5.0463,0.712306
1495.46833528,5.0465,0.609668
1496.1182788929998,5.0463,0.628345
1496.7625825369998,5.0462,0.629524
1497.4138842539999,5.0460,0.628955
1498.0616262729998,5.0462,0.748338
1498.7015406499997,5.0466,0.627592
1499.3473143959998,5.0465,0.627979
1499.9983446479998,5.0465,0.609251
1500.644994935,5.0461,0.613482
1501.282496212,5.0462,0.621293
1501.9271608319998,5.0464,0.621006
1502.566764335,5.0463,0.709954
1503.734286784,5.0464,0.608567
1504.39790964,5.0463,0.613064
1505.042814574,5.0463,0.626552
1505.686952274,5.0463,0.633793
1506.3349358940002,5.0465,0.627079
1506.9825653589999,5.0466,0.718514
1507.627339503,5.0463,"0.62843
"
1508.288665796,5.0463,0.617705
1508.956331263,5.0462,0.622841
1509.582570627,5.0462,0.619866
1510.242843666,5.0464,0.689422
1510.887249739,5.0466,0.607365
1511.5265961510001,5.0464,0.627876
1512.172885795,5.0461,0.628033
1512.817070545,5.0462,0.625467
1513.4672341980001,5.0463,"0.73772
"
1514.1016025440001,5.0465,0.626391
1514.747497702,5.0466,0.651567
1515.3920450980002,5.0463,0.612848
1516.0620297120001,5.0461,0.620587
1516.6866892350001,5.0462,0.706305
1517.3569929859998,5.0462,"0.61705
"
1517.980430281,5.0464,0.693129
1518.6454820420001,5.0464,"0.62864
"
1519.2901539819998,5.0463,0.627752
1519.9311862749998,5.0464,0.629509
1520.576431316,5.0463,0.628324
1521.2224031909998,5.0464,"0.7424
"
1521.865094123,5.0466,0.609259
1522.5183771159998,5.0464,0.609268
1523.161731819,5.0463,0.615715
1523.805913001,5.0463,0.627985
1524.449701791,5.0462,0.701715
1525.0968054080001,5.0462,0.613611
1525.767400768,5.0464,0.629645
1526.391445386,5.0462,0.629366
1527.0538612799999,5.0462,0.620436
1527.701385778,5.0464,0.707976
1528.3467678199997,5.0464,0.627469
1529.0216491499998,5.0464,0.611768
1529.647738628,5.0463,0.608668
1530.3205981929998,5.0461,0.716466
1530.9472821749998,"5.046
",0.661261
1531.60659328,5.0463,"0.6264
"
1532.2512456910001,5.0465,0.629897
1532.8897047399998,5.0464,0.629557
1533.533946546,5.0464,0.734665
1534.1801881149997,5.0462,0.614602
1534.8291298759998,5.0459,0.620862
1535.471375552,5.0460,0.706387
1536.1411742029998,5.0463,"0.61572
"
1536.765468624,5.0463,0.609593
1537.44059119,5.0464,0.628837
1538.0663100149998,5.0463,0.630564
1538.7355590199998,5.0460,0.632619
1539.3612477069998,5.0461,0.627563
1540.0356913540002,5.0461,0.660135
1540.6607121939999,5.0461,"0.60937
"
1541.3184737039999,5.0464,0.610074
1541.965206186,5.0462,0.618142
1542.6053536279999,5.0462,0.626745
1543.2507384079997,5.0462,0.710897
1543.8955916890002,5.0465,0.613125
1544.540605083,5.0464,0.628593
1545.188353662,5.0463,0.629017
1545.860528433,5.0462,0.629966
1546.4860481140001,5.0462,0.717765
1547.16065266,5.0463,0.628684
1547.7883023799998,5.0466,0.609118
1548.4514988909998,5.0464,0.608836
1549.0935394159999,5.0464,0.612836
1549.7392059719998,5.0464,"0.72438
"
1550.3871776560002,5.0461,0.624053
1551.0253238070002,,
1552.0299300610002,,
1553.0346993619999,,
1554.0393870720002,,
1555.0444629339997,,
1556.04911439,,
1557.053123417,,
1558.059863583,,
1559.0642674009998,,
1560.0690175470002,,
1561.0730896399998,,
1562.0838942049998,,
1563.088568381,,
1564.0952112429998,,
1565.1001854170001,,
1566.1047900279998,,
1567.111389731,,
1568.1153761560001,,
1569.1202428190002,,
1570.125201226,,
1571.129150481,,
1572.133129603,,
1573.137876047,,
1574.1425088150002,,
1575.1492871970001,,
1576.1539955330002,,
1577.1587733200001,,
1578.1656117199998,,
1579.170050124,,
1580.174636676,,
1581.1812316019998,,
1582.185738461,,
1583.1958487230002,,
1584.2006489110001,,
1585.205378757,,
1586.2103980549998,,
1587.2148547139998,,
1588.22290898,,
1589.227934231,,
1590.2327901810002,,
1591.236801667,,
1592.243007882,,
1593.2524670649998,,
1594.257007113,,
1595.2610877,,
1596.265033985,,
1597.268937219,,
1598.28155399,,
1599.286334151,,
1600.2909745939999,,
1601.2961335009998,,
1602.3009270619998,,
1603.313149983,,
1604.3179530680002,,
1605.322655653,,
1606.3272939360002,,
1607.3320923989997,,
1608.3420735870002,,
1609.3488177359998,,
1610.3535461079998,,
1611.358221271,,
1612.3630001549998,,
1613.3729354099999,,
1614.378134549,,
1615.381988125,,
1616.385775211,,
1617.3897245599999,,
1618.3962058280001,,
1619.4005939729998,,
1620.4047078659999,,
1621.4087627699998,,
1622.412742798,,
1623.4179285359999,,
1624.4221509000001,,
1625.4281482499998,,
1626.432642899,,
1627.436865899,,
1628.4479913819998,,
1629.452845264,,
1630.4575998950002,,
1631.46211569,,
1632.4666765589998,,
1633.4747399300002,,
1634.479480373,,
1635.484296879,,
1636.489093718,,
1637.4938851609998,,
1638.5167443520002,,
1639.521408544,,
1640.5264856249999,,
1641.5331637309998,,
1642.538072309,,
1643.545612184,,
1644.549512147,,
1645.5533471820002,,
1646.5599085659999,,
1647.5657818910001,,
1648.593479463,,
1649.5975021329998,,
1650.6039543260001,,
1651.6177299990002,,
1652.6228793029998,,
1653.6306754240002,,
1654.636275189,,
1655.6410325179997,,
1656.645043401,,
1657.6575777229998,,
1658.6660827530002,,
1659.670029737,,
1660.6759351970002,,
1661.680652488,,
1662.685329434,,
1663.6975857989999,,
1664.7023402849998,,
1665.706796453,,
1666.7116657180002,,
1667.716425106,,
1668.7261656580001,,
1669.7309372729999,,
1670.7355477069998,,
1671.740127534,,
1672.751611672,,
